{
  "testId" : "1-addvjezbatest600px.gspec",
  "name" : "addVjezbaTest600px.gspec",
  "report" : {
    "nodes" : [ {
      "name" : "Simple check",
      "status" : "info",
      "nodes" : [ {
        "name" : "check  addVjezbaTest600px.gspec --url http://localhost/addVjezba.html --size 500x720 --htmlreport addVjezba600pxTestResults",
        "status" : "info",
        "nodes" : [ {
          "name" : "Check layout: addVjezbaTest600px.gspec included tags: ",
          "status" : "info",
          "time" : 1541445631433,
          "sections" : [ {
            "name" : "Meni section",
            "objects" : [ {
              "name" : "header",
              "specs" : [ {
                "status" : "info",
                "place" : {
                  "filePath" : "addVjezbaTest600px.gspec",
                  "lineNumber" : 13
                },
                "name" : "contains partly meni, logo, naziv",
                "highlight" : [ "header", "meni", "logo", "naziv" ]
              }, {
                "status" : "info",
                "place" : {
                  "filePath" : "addVjezbaTest600px.gspec",
                  "lineNumber" : 20
                },
                "name" : "above glavniSadrzaj  0px",
                "highlight" : [ "header", "glavniSadrzaj" ]
              } ]
            }, {
              "name" : "glavniSadrzaj",
              "specs" : [ {
                "status" : "info",
                "place" : {
                  "filePath" : "addVjezbaTest600px.gspec",
                  "lineNumber" : 15
                },
                "name" : "above footer -1px",
                "highlight" : [ "glavniSadrzaj", "footer" ]
              }, {
                "status" : "info",
                "place" : {
                  "filePath" : "addVjezbaTest600px.gspec",
                  "lineNumber" : 16
                },
                "name" : "width 100 % of screen/width",
                "highlight" : [ "glavniSadrzaj" ]
              } ]
            }, {
              "name" : "footer",
              "specs" : [ {
                "status" : "info",
                "place" : {
                  "filePath" : "addVjezbaTest600px.gspec",
                  "lineNumber" : 18
                },
                "name" : "text contains \"Web tehnologije 2018/19\"",
                "highlight" : [ "footer" ]
              } ]
            }, {
              "name" : "logo",
              "specs" : [ {
                "status" : "info",
                "place" : {
                  "filePath" : "addVjezbaTest600px.gspec",
                  "lineNumber" : 22
                },
                "name" : "inside header 0px top left",
                "highlight" : [ "logo", "header" ]
              } ]
            }, {
              "name" : "forma",
              "specs" : [ {
                "status" : "info",
                "place" : {
                  "filePath" : "addVjezbaTest600px.gspec",
                  "lineNumber" : 24
                },
                "name" : "inside glavniSadrzaj",
                "highlight" : [ "forma", "glavniSadrzaj" ]
              } ]
            } ]
          } ],
          "objects" : {
            "meni" : {
              "area" : [ 0, 68, 563, 50 ]
            },
            "glavniSadrzaj" : {
              "area" : [ 0, 151, 563, 757 ]
            },
            "footer" : {
              "area" : [ 0, 907, 563, 59 ]
            },
            "naziv" : {
              "area" : [ 0, 118, 569, 32 ]
            },
            "header" : {
              "area" : [ 0, 0, 563, 151 ]
            },
            "logo" : {
              "area" : [ 0, 0, 80, 52 ]
            },
            "forma" : {
              "area" : [ 53, 179, 457, 241 ]
            }
          },
          "screenshot" : "layout-1-screenshot.png",
          "type" : "layout"
        } ],
        "time" : 1541445629915,
        "type" : "node"
      } ],
      "time" : 1541445627187,
      "type" : "node"
    } ]
  }
}