{
  "testId" : "1-testcommiti.gspec",
  "name" : "testCommiti.gspec",
  "report" : {
    "nodes" : [ {
      "name" : "Simple check",
      "status" : "info",
      "nodes" : [ {
        "name" : "check  testCommiti.gspec --url file:///C:/Users/adem/Desktop/nginx-1.15.5/html/Marelica/commiti.html --size 1024x768 --htmlreport izvjestajCommiti",
        "status" : "info",
        "nodes" : [ {
          "name" : "Check layout: testCommiti.gspec included tags: ",
          "status" : "info",
          "time" : 1541343044299,
          "sections" : [ {
            "name" : "logo",
            "place" : {
              "filePath" : "testCommiti.gspec",
              "lineNumber" : 6
            },
            "objects" : [ {
              "name" : "logo",
              "specs" : [ {
                "status" : "info",
                "place" : {
                  "filePath" : "testCommiti.gspec",
                  "lineNumber" : 8
                },
                "name" : "inside header",
                "highlight" : [ "logo", "header" ]
              } ]
            } ]
          }, {
            "name" : "meni",
            "place" : {
              "filePath" : "testCommiti.gspec",
              "lineNumber" : 10
            },
            "objects" : [ {
              "name" : "meni",
              "specs" : [ {
                "status" : "info",
                "place" : {
                  "filePath" : "testCommiti.gspec",
                  "lineNumber" : 12
                },
                "name" : "inside header",
                "highlight" : [ "meni", "header" ]
              } ]
            } ]
          } ],
          "objects" : {
            "meni" : {
              "area" : [ 0, 80, 1008, 18 ]
            },
            "logo" : {
              "area" : [ 0, 0, 160, 80 ]
            },
            "header" : {
              "area" : [ 0, 0, 1008, 108 ]
            }
          },
          "screenshot" : "layout-1-screenshot.png",
          "type" : "layout"
        } ],
        "time" : 1541343042988,
        "type" : "node"
      } ],
      "time" : 1541343038019,
      "type" : "node"
    } ]
  }
}