{
  "testId" : "1-studentitest.gspec",
  "name" : "studentitest.gspec",
  "report" : {
    "nodes" : [ {
      "name" : "Simple check",
      "status" : "info",
      "nodes" : [ {
        "name" : "check  studentitest.gspec --url http://127.0.0.1:5500/studenti.html --size 1280x1024 --htmlreport studentitest",
        "status" : "info",
        "nodes" : [ {
          "name" : "Check layout: studentitest.gspec included tags: ",
          "status" : "info",
          "time" : 1541530174139,
          "sections" : [ {
            "name" : "main section",
            "place" : {
              "filePath" : "studentitest.gspec",
              "lineNumber" : 12
            },
            "objects" : [ {
              "name" : "header",
              "specs" : [ {
                "status" : "info",
                "place" : {
                  "filePath" : "studentitest.gspec",
                  "lineNumber" : 14
                },
                "name" : "above footer",
                "meta" : [ {
                  "from" : {
                    "object" : "header",
                    "edge" : "bottom"
                  },
                  "to" : {
                    "object" : "footer",
                    "edge" : "top"
                  },
                  "expectedDistance" : ">= 0px",
                  "realDistance" : "278px"
                } ],
                "highlight" : [ "header", "footer" ]
              }, {
                "status" : "info",
                "place" : {
                  "filePath" : "studentitest.gspec",
                  "lineNumber" : 15
                },
                "name" : "contains logo",
                "highlight" : [ "header", "logo" ]
              }, {
                "status" : "info",
                "place" : {
                  "filePath" : "studentitest.gspec",
                  "lineNumber" : 16
                },
                "name" : "contains naslov",
                "highlight" : [ "header", "naslov" ]
              }, {
                "status" : "info",
                "place" : {
                  "filePath" : "studentitest.gspec",
                  "lineNumber" : 17
                },
                "name" : "contains meni",
                "highlight" : [ "header", "meni" ]
              } ]
            }, {
              "name" : "meni",
              "specs" : [ {
                "status" : "info",
                "place" : {
                  "filePath" : "studentitest.gspec",
                  "lineNumber" : 24
                },
                "name" : "below naslov >= -1px",
                "meta" : [ {
                  "from" : {
                    "object" : "meni",
                    "edge" : "top"
                  },
                  "to" : {
                    "object" : "naslov",
                    "edge" : "bottom"
                  },
                  "expectedDistance" : ">= -1px",
                  "realDistance" : "26px"
                } ],
                "highlight" : [ "meni", "naslov" ]
              } ]
            }, {
              "name" : "side",
              "specs" : [ {
                "status" : "info",
                "place" : {
                  "filePath" : "studentitest.gspec",
                  "lineNumber" : 28
                },
                "name" : "left-of glavniSadrzaj ~ 1px",
                "meta" : [ {
                  "from" : {
                    "object" : "side",
                    "edge" : "right"
                  },
                  "to" : {
                    "object" : "glavniSadrzaj",
                    "edge" : "left"
                  },
                  "expectedDistance" : "-1 to 3px",
                  "realDistance" : "-1px"
                } ],
                "highlight" : [ "side", "glavniSadrzaj" ]
              }, {
                "status" : "info",
                "place" : {
                  "filePath" : "studentitest.gspec",
                  "lineNumber" : 29
                },
                "name" : "contains lista",
                "highlight" : [ "side", "lista" ]
              } ]
            }, {
              "name" : "glavniSadrzaj",
              "specs" : [ {
                "status" : "info",
                "place" : {
                  "filePath" : "studentitest.gspec",
                  "lineNumber" : 32
                },
                "name" : "contains tabela",
                "highlight" : [ "glavniSadrzaj", "tabela" ]
              } ]
            } ]
          } ],
          "objects" : {
            "meni" : {
              "area" : [ 0, 84, 1270, 26 ]
            },
            "lista" : {
              "area" : [ 44, 186, 356, 94 ]
            },
            "naslov" : {
              "area" : [ 1009, 21, 246, 37 ]
            },
            "side" : {
              "area" : [ 0, 110, 445, 279 ]
            },
            "glavniSadrzaj" : {
              "area" : [ 444, 110, 825, 279 ]
            },
            "tabela" : {
              "area" : [ 703, 143, 308, 182 ]
            },
            "footer" : {
              "area" : [ 0, 388, 1270, 28 ]
            },
            "header" : {
              "area" : [ 0, 0, 1270, 110 ]
            },
            "logo" : {
              "area" : [ 2, 2, 76, 77 ]
            }
          },
          "screenshot" : "layout-1-screenshot.png",
          "type" : "layout"
        } ],
        "time" : 1541530172543,
        "type" : "node"
      } ],
      "time" : 1541530168465,
      "type" : "node"
    } ]
  }
}