{
  "testId" : "1-testlogin.gspec",
  "name" : "testLogin.gspec",
  "report" : {
    "nodes" : [ {
      "name" : "Simple check",
      "status" : "info",
      "nodes" : [ {
        "name" : "check  testLogin.gspec --url file:///C:/Users/adem/Desktop/nginx-1.15.5/html/Marelica/login.html --size 1024x768 --htmlreport izvjestajLogin",
        "status" : "info",
        "nodes" : [ {
          "name" : "Check layout: testLogin.gspec included tags: ",
          "status" : "info",
          "time" : 1541340756700,
          "sections" : [ {
            "name" : "login",
            "place" : {
              "filePath" : "testLogin.gspec",
              "lineNumber" : 7
            },
            "objects" : [ {
              "name" : "login",
              "specs" : [ {
                "status" : "info",
                "place" : {
                  "filePath" : "testLogin.gspec",
                  "lineNumber" : 9
                },
                "name" : "centered all inside screen",
                "highlight" : [ "login", "screen" ]
              } ]
            } ]
          }, {
            "name" : "Forma",
            "place" : {
              "filePath" : "testLogin.gspec",
              "lineNumber" : 11
            },
            "objects" : [ {
              "name" : "login.forma",
              "specs" : [ {
                "status" : "info",
                "place" : {
                  "filePath" : "testLogin.gspec",
                  "lineNumber" : 13
                },
                "name" : "inside login",
                "highlight" : [ "login.forma", "login" ]
              }, {
                "status" : "info",
                "place" : {
                  "filePath" : "testLogin.gspec",
                  "lineNumber" : 14
                },
                "name" : "centered all inside login",
                "highlight" : [ "login.forma", "login" ]
              } ]
            } ]
          } ],
          "objects" : {
            "screen" : {
              "area" : [ 0, 0, 1008, 636 ]
            },
            "login" : {
              "area" : [ 304, 193, 400, 250 ]
            },
            "login.forma" : {
              "area" : [ 382, 268, 242, 99 ]
            }
          },
          "screenshot" : "layout-1-screenshot.png",
          "type" : "layout"
        } ],
        "time" : 1541340755141,
        "type" : "node"
      } ],
      "time" : 1541340746883,
      "type" : "node"
    } ]
  }
}