{
  "testId" : "1-logintest.gspec",
  "name" : "loginTest.gspec",
  "report" : {
    "nodes" : [ {
      "name" : "Simple check",
      "status" : "info",
      "nodes" : [ {
        "name" : "check  loginTest.gspec --url http://localhost/login.html --size 1600x900 --htmlreport testovi/login",
        "status" : "info",
        "nodes" : [ {
          "name" : "Check layout: loginTest.gspec included tags: ",
          "status" : "info",
          "time" : 1541537701285,
          "sections" : [ {
            "name" : "Main section",
            "place" : {
              "filePath" : "loginTest.gspec",
              "lineNumber" : 4
            },
            "objects" : [ {
              "name" : "login",
              "specs" : [ {
                "status" : "info",
                "place" : {
                  "filePath" : "loginTest.gspec",
                  "lineNumber" : 6
                },
                "name" : "centered horizontally inside screen",
                "highlight" : [ "login", "screen" ]
              }, {
                "status" : "info",
                "place" : {
                  "filePath" : "loginTest.gspec",
                  "lineNumber" : 7
                },
                "name" : "centered vertically inside screen",
                "highlight" : [ "login", "screen" ]
              } ]
            } ]
          } ],
          "objects" : {
            "screen" : {
              "area" : [ 0, 0, 1533, 769 ]
            },
            "login" : {
              "area" : [ 466, 184, 600, 400 ]
            }
          },
          "screenshot" : "layout-1-screenshot.png",
          "type" : "layout"
        } ],
        "time" : 1541537700370,
        "type" : "node"
      } ],
      "time" : 1541537697215,
      "type" : "node"
    } ]
  }
}