{
  "testId" : "1-testzadaci.gspec",
  "name" : "testZadaci.gspec",
  "report" : {
    "nodes" : [ {
      "name" : "Simple check",
      "status" : "info",
      "nodes" : [ {
        "name" : "check  testZadaci.gspec --url file:///C:/Users/adem/Desktop/nginx-1.15.5/html/Marelica/zadaci.html --size 1024x768 --htmlreport izvjestajZadaci",
        "status" : "info",
        "nodes" : [ {
          "name" : "Check layout: testZadaci.gspec included tags: ",
          "status" : "info",
          "time" : 1541342807414,
          "sections" : [ {
            "name" : "cetvrtina",
            "place" : {
              "filePath" : "testZadaci.gspec",
              "lineNumber" : 15
            },
            "objects" : [ {
              "name" : "cetvrtina",
              "specs" : [ {
                "status" : "info",
                "place" : {
                  "filePath" : "testZadaci.gspec",
                  "lineNumber" : 17
                },
                "name" : "width ~ 25 % of divovi/width",
                "highlight" : [ "cetvrtina" ]
              } ]
            } ]
          }, {
            "name" : "polovina",
            "place" : {
              "filePath" : "testZadaci.gspec",
              "lineNumber" : 19
            },
            "objects" : [ {
              "name" : "polovina",
              "specs" : [ {
                "status" : "info",
                "place" : {
                  "filePath" : "testZadaci.gspec",
                  "lineNumber" : 21
                },
                "name" : "width ~ 50 % of divovi/width",
                "highlight" : [ "polovina" ]
              } ]
            } ]
          }, {
            "name" : "field",
            "place" : {
              "filePath" : "testZadaci.gspec",
              "lineNumber" : 24
            },
            "objects" : [ {
              "name" : "field",
              "specs" : [ {
                "status" : "info",
                "place" : {
                  "filePath" : "testZadaci.gspec",
                  "lineNumber" : 26
                },
                "name" : "inside forma",
                "highlight" : [ "field", "forma" ]
              } ]
            } ]
          }, {
            "name" : "dugme",
            "place" : {
              "filePath" : "testZadaci.gspec",
              "lineNumber" : 28
            },
            "objects" : [ {
              "name" : "dugme",
              "specs" : [ {
                "status" : "info",
                "place" : {
                  "filePath" : "testZadaci.gspec",
                  "lineNumber" : 30
                },
                "name" : "inside forma",
                "highlight" : [ "dugme", "forma" ]
              } ]
            } ]
          }, {
            "name" : "logo",
            "place" : {
              "filePath" : "testZadaci.gspec",
              "lineNumber" : 32
            },
            "objects" : [ {
              "name" : "logo",
              "specs" : [ {
                "status" : "info",
                "place" : {
                  "filePath" : "testZadaci.gspec",
                  "lineNumber" : 34
                },
                "name" : "inside header",
                "highlight" : [ "logo", "header" ]
              } ]
            } ]
          }, {
            "name" : "meni",
            "place" : {
              "filePath" : "testZadaci.gspec",
              "lineNumber" : 36
            },
            "objects" : [ {
              "name" : "meni",
              "specs" : [ {
                "status" : "info",
                "place" : {
                  "filePath" : "testZadaci.gspec",
                  "lineNumber" : 38
                },
                "name" : "inside header",
                "highlight" : [ "meni", "header" ]
              } ]
            } ]
          } ],
          "objects" : {
            "meni" : {
              "area" : [ 0, 80, 1008, 18 ]
            },
            "field" : {
              "area" : [ 277, 160, 204, 21 ]
            },
            "dugme" : {
              "area" : [ 277, 199, 205, 21 ]
            },
            "logo" : {
              "area" : [ 0, 0, 160, 80 ]
            },
            "header" : {
              "area" : [ 0, 0, 1008, 108 ]
            },
            "forma" : {
              "area" : [ 252, 160, 250, 60 ]
            },
            "polovina" : {
              "area" : [ 504, 108, 504, 420 ]
            },
            "cetvrtina" : {
              "area" : [ 0, 108, 252, 420 ]
            }
          },
          "screenshot" : "layout-1-screenshot.png",
          "type" : "layout"
        } ],
        "time" : 1541342805343,
        "type" : "node"
      } ],
      "time" : 1541342800187,
      "type" : "node"
    } ]
  }
}