{
  "testId" : "1-zadacitest.gspec",
  "name" : "zadaciTest.gspec",
  "report" : {
    "nodes" : [ {
      "name" : "Simple check",
      "status" : "info",
      "nodes" : [ {
        "name" : "check  zadaciTest.gspec --url http://localhost/zadaci.html --size 1600x900 --htmlreport testovi/zadaci",
        "status" : "info",
        "nodes" : [ {
          "name" : "Check layout: zadaciTest.gspec included tags: ",
          "status" : "info",
          "time" : 1541535713082,
          "sections" : [ {
            "name" : "Meni section",
            "place" : {
              "filePath" : "zadaciTest.gspec",
              "lineNumber" : 7
            },
            "objects" : [ {
              "name" : "meni",
              "specs" : [ {
                "status" : "info",
                "place" : {
                  "filePath" : "zadaciTest.gspec",
                  "lineNumber" : 9
                },
                "name" : "above glavniSadrzaj 0px",
                "highlight" : [ "meni", "glavniSadrzaj" ]
              }, {
                "status" : "info",
                "place" : {
                  "filePath" : "zadaciTest.gspec",
                  "lineNumber" : 10
                },
                "name" : "above side 0px",
                "highlight" : [ "meni", "side" ]
              } ]
            }, {
              "name" : "footer",
              "specs" : [ {
                "status" : "info",
                "place" : {
                  "filePath" : "zadaciTest.gspec",
                  "lineNumber" : 13
                },
                "name" : "below side 0px",
                "highlight" : [ "footer", "side" ]
              }, {
                "status" : "info",
                "place" : {
                  "filePath" : "zadaciTest.gspec",
                  "lineNumber" : 14
                },
                "name" : "below glavniSadrzaj 0px",
                "highlight" : [ "footer", "glavniSadrzaj" ]
              } ]
            }, {
              "name" : "side",
              "specs" : [ {
                "status" : "info",
                "place" : {
                  "filePath" : "zadaciTest.gspec",
                  "lineNumber" : 17
                },
                "name" : "left-of glavniSadrzaj",
                "highlight" : [ "side", "glavniSadrzaj" ]
              } ]
            } ]
          } ],
          "objects" : {
            "meni" : {
              "area" : [ 0, 0, 1521, 145 ]
            },
            "glavniSadrzaj" : {
              "area" : [ 760, 145, 760, 700 ]
            },
            "side" : {
              "area" : [ 0, 145, 380, 700 ]
            },
            "footer" : {
              "area" : [ 0, 845, 1531, 50 ]
            }
          },
          "screenshot" : "layout-1-screenshot.png",
          "type" : "layout"
        } ],
        "time" : 1541535711499,
        "type" : "node"
      } ],
      "time" : 1541535708344,
      "type" : "node"
    } ]
  }
}