{
  "testId" : "1-addstudenttest.gspec",
  "name" : "addStudenttest.gspec",
  "report" : {
    "nodes" : [ {
      "name" : "Simple check",
      "status" : "info",
      "nodes" : [ {
        "name" : "check  addStudenttest.gspec --url http://127.0.0.1:5500/addStudent.html --size 580x400 --htmlreport addStudenttest600",
        "status" : "info",
        "nodes" : [ {
          "name" : "Check layout: addStudenttest.gspec included tags: ",
          "status" : "info",
          "time" : 1541534661366,
          "sections" : [ {
            "name" : "main section",
            "place" : {
              "filePath" : "addStudenttest.gspec",
              "lineNumber" : 14
            },
            "objects" : [ {
              "name" : "header",
              "specs" : [ {
                "status" : "info",
                "place" : {
                  "filePath" : "addStudenttest.gspec",
                  "lineNumber" : 16
                },
                "name" : "above footer",
                "meta" : [ {
                  "from" : {
                    "object" : "header",
                    "edge" : "bottom"
                  },
                  "to" : {
                    "object" : "footer",
                    "edge" : "top"
                  },
                  "expectedDistance" : ">= 0px",
                  "realDistance" : "776px"
                } ],
                "highlight" : [ "header", "footer" ]
              }, {
                "status" : "info",
                "place" : {
                  "filePath" : "addStudenttest.gspec",
                  "lineNumber" : 17
                },
                "name" : "contains logo",
                "highlight" : [ "header", "logo" ]
              }, {
                "status" : "info",
                "place" : {
                  "filePath" : "addStudenttest.gspec",
                  "lineNumber" : 18
                },
                "name" : "contains naslov",
                "highlight" : [ "header", "naslov" ]
              }, {
                "status" : "info",
                "place" : {
                  "filePath" : "addStudenttest.gspec",
                  "lineNumber" : 19
                },
                "name" : "contains meni",
                "highlight" : [ "header", "meni" ]
              } ]
            }, {
              "name" : "meni",
              "specs" : [ {
                "status" : "info",
                "place" : {
                  "filePath" : "addStudenttest.gspec",
                  "lineNumber" : 23
                },
                "name" : "above naslov >= -1px",
                "meta" : [ {
                  "from" : {
                    "object" : "meni",
                    "edge" : "bottom"
                  },
                  "to" : {
                    "object" : "naslov",
                    "edge" : "top"
                  },
                  "expectedDistance" : ">= -1px",
                  "realDistance" : "1px"
                } ],
                "highlight" : [ "meni", "naslov" ]
              } ]
            }, {
              "name" : "glavni",
              "specs" : [ {
                "status" : "info",
                "place" : {
                  "filePath" : "addStudenttest.gspec",
                  "lineNumber" : 26
                },
                "name" : "width 100 % of screen/width",
                "meta" : [ {
                  "from" : {
                    "object" : "glavni",
                    "edge" : "left"
                  },
                  "to" : {
                    "object" : "glavni",
                    "edge" : "right"
                  },
                  "expectedDistance" : "100% [553px]",
                  "realDistance" : "100% [553px]"
                } ],
                "highlight" : [ "glavni" ]
              } ]
            }, {
              "name" : "pojed",
              "specs" : [ {
                "status" : "info",
                "place" : {
                  "filePath" : "addStudenttest.gspec",
                  "lineNumber" : 35
                },
                "name" : "above masovni >= -1px",
                "meta" : [ {
                  "from" : {
                    "object" : "pojed",
                    "edge" : "bottom"
                  },
                  "to" : {
                    "object" : "masovni",
                    "edge" : "top"
                  },
                  "expectedDistance" : ">= -1px",
                  "realDistance" : "40px"
                } ],
                "highlight" : [ "pojed", "masovni" ]
              }, {
                "status" : "info",
                "place" : {
                  "filePath" : "addStudenttest.gspec",
                  "lineNumber" : 36
                },
                "name" : "contains select1",
                "highlight" : [ "pojed", "select1" ]
              }, {
                "status" : "info",
                "place" : {
                  "filePath" : "addStudenttest.gspec",
                  "lineNumber" : 37
                },
                "name" : "contains unosi",
                "highlight" : [ "pojed", "unosi" ]
              } ]
            }, {
              "name" : "masovni",
              "specs" : [ {
                "status" : "info",
                "place" : {
                  "filePath" : "addStudenttest.gspec",
                  "lineNumber" : 40
                },
                "name" : "contains select2",
                "highlight" : [ "masovni", "select2" ]
              } ]
            } ]
          } ],
          "objects" : {
            "meni" : {
              "area" : [ 0, 84, 553, 44 ]
            },
            "select2" : {
              "area" : [ 250, 797, 111, 19 ]
            },
            "naslov" : {
              "area" : [ 277, 129, 260, 74 ]
            },
            "select1" : {
              "area" : [ 250, 333, 111, 19 ]
            },
            "pojed" : {
              "area" : [ 180, 228, 278, 424 ]
            },
            "footer" : {
              "area" : [ 0, 984, 553, 28 ]
            },
            "glavni" : {
              "area" : [ 0, 208, 553, 776 ]
            },
            "masovni" : {
              "area" : [ 180, 692, 278, 272 ]
            },
            "unosi" : {
              "area" : [ 250, 410, 115, 19 ]
            },
            "header" : {
              "area" : [ 0, 0, 553, 208 ]
            },
            "logo" : {
              "area" : [ 2, 2, 76, 77 ]
            }
          },
          "screenshot" : "layout-1-screenshot.png",
          "type" : "layout"
        } ],
        "time" : 1541534659947,
        "type" : "node"
      } ],
      "time" : 1541534655907,
      "type" : "node"
    } ]
  }
}