{
  "testId" : "1-testzadaci.gspec",
  "name" : "testZadaci.gspec",
  "report" : {
    "nodes" : [ {
      "name" : "Simple check",
      "status" : "info",
      "nodes" : [ {
        "name" : "check  testZadaci.gspec --url http://localhost/zadaci.html --size 1024x768 --htmlreport izvjestajZaZadaci",
        "status" : "info",
        "nodes" : [ {
          "name" : "FileNotFoundException: testZadaci.gspec",
          "status" : "error",
          "time" : 1541450870152,
          "stacktrace" : "java.io.FileNotFoundException: testZadaci.gspec\r\n\tat com.galenframework.speclang2.pagespec.PageSpecReader.read(PageSpecReader.java:43)\r\n\tat com.galenframework.api.Galen.checkLayout(Galen.java:68)\r\n\tat com.galenframework.api.Galen.checkLayout(Galen.java:59)\r\n\tat com.galenframework.suite.actions.GalenPageActionCheck.execute(GalenPageActionCheck.java:53)\r\n\tat com.galenframework.runner.GalenPageRunner.executeAction(GalenPageRunner.java:84)\r\n\tat com.galenframework.runner.GalenPageRunner.run(GalenPageRunner.java:76)\r\n\tat com.galenframework.runner.GalenBasicTestRunner.runTest(GalenBasicTestRunner.java:76)\r\n\tat com.galenframework.tests.GalenBasicTest.execute(GalenBasicTest.java:55)\r\n\tat com.galenframework.TestRunnable.runTest(TestRunnable.java:75)\r\n\tat com.galenframework.TestRunnable.run(TestRunnable.java:101)\r\n\tat java.util.concurrent.ThreadPoolExecutor.runWorker(Unknown Source)\r\n\tat java.util.concurrent.ThreadPoolExecutor$Worker.run(Unknown Source)\r\n\tat java.lang.Thread.run(Unknown Source)\r\n",
          "type" : "node"
        } ],
        "time" : 1541450870123,
        "type" : "node"
      } ],
      "time" : 1541450863099,
      "type" : "node"
    } ]
  }
}