{
  "testId" : "1-testzazadaci.gspec",
  "name" : "testZaZadaci.gspec",
  "report" : {
    "nodes" : [ {
      "name" : "Simple check",
      "status" : "info",
      "nodes" : [ {
        "name" : "check  testZaZadaci.gspec --url http://localhost/zadaci.html --size 1024x768 --htmlreport izvjestajZaZadaci",
        "status" : "info",
        "nodes" : [ {
          "name" : "Check layout: testZaZadaci.gspec included tags: ",
          "status" : "info",
          "time" : 1541455810235,
          "sections" : [ {
            "name" : "Header section",
            "place" : {
              "filePath" : "testZaZadaci.gspec",
              "lineNumber" : 10
            },
            "objects" : [ {
              "name" : "header",
              "specs" : [ {
                "status" : "info",
                "place" : {
                  "filePath" : "testZaZadaci.gspec",
                  "lineNumber" : 12
                },
                "name" : "width ~100% of screen/width",
                "highlight" : [ "header" ]
              }, {
                "status" : "info",
                "place" : {
                  "filePath" : "testZaZadaci.gspec",
                  "lineNumber" : 13
                },
                "name" : "contains logo",
                "highlight" : [ "header", "logo" ]
              } ]
            }, {
              "name" : "meni",
              "specs" : [ {
                "status" : "info",
                "place" : {
                  "filePath" : "testZaZadaci.gspec",
                  "lineNumber" : 15
                },
                "name" : "inside header",
                "highlight" : [ "meni", "header" ]
              } ]
            }, {
              "name" : "logo",
              "specs" : [ {
                "status" : "info",
                "place" : {
                  "filePath" : "testZaZadaci.gspec",
                  "lineNumber" : 17
                },
                "name" : "above meni",
                "highlight" : [ "logo", "meni" ]
              } ]
            } ]
          }, {
            "name" : "Main section",
            "place" : {
              "filePath" : "testZaZadaci.gspec",
              "lineNumber" : 18
            },
            "objects" : [ {
              "name" : "cetvrtina",
              "specs" : [ {
                "status" : "info",
                "place" : {
                  "filePath" : "testZaZadaci.gspec",
                  "lineNumber" : 20
                },
                "name" : "width ~25% of screen/width",
                "highlight" : [ "cetvrtina" ]
              } ]
            }, {
              "name" : "polovina",
              "specs" : [ {
                "status" : "info",
                "place" : {
                  "filePath" : "testZaZadaci.gspec",
                  "lineNumber" : 22
                },
                "name" : "width ~50% of screen/width",
                "highlight" : [ "polovina" ]
              } ]
            }, {
              "name" : "folder",
              "specs" : [ {
                "status" : "info",
                "place" : {
                  "filePath" : "testZaZadaci.gspec",
                  "lineNumber" : 24
                },
                "name" : "inside polovina",
                "highlight" : [ "folder", "polovina" ]
              } ]
            }, {
              "name" : "item",
              "specs" : [ {
                "status" : "info",
                "place" : {
                  "filePath" : "testZaZadaci.gspec",
                  "lineNumber" : 26
                },
                "name" : "inside folder",
                "highlight" : [ "item", "folder" ]
              } ]
            }, {
              "name" : "footer",
              "specs" : [ {
                "status" : "info",
                "place" : {
                  "filePath" : "testZaZadaci.gspec",
                  "lineNumber" : 29
                },
                "name" : "width ~100% of screen/width",
                "highlight" : [ "footer" ]
              } ]
            } ]
          } ],
          "objects" : {
            "meni" : {
              "area" : [ 0, 61, 995, 21 ]
            },
            "item" : {
              "area" : [ 48, 599, 68, 48 ]
            },
            "folder" : {
              "area" : [ 25, 559, 447, 200 ]
            },
            "footer" : {
              "area" : [ 0, 993, 995, 40 ]
            },
            "header" : {
              "area" : [ 0, 0, 995, 90 ]
            },
            "logo" : {
              "area" : [ 10, 6, 53, 40 ]
            },
            "polovina" : {
              "area" : [ 0, 542, 499, 452 ]
            },
            "cetvrtina" : {
              "area" : [ 0, 90, 250, 452 ]
            }
          },
          "screenshot" : "layout-1-screenshot.png",
          "type" : "layout"
        } ],
        "time" : 1541455808781,
        "type" : "node"
      } ],
      "time" : 1541455802454,
      "type" : "node"
    } ]
  }
}