{
  "testId" : "1-testaddgodina.gspec",
  "name" : "testAddGodina.gspec",
  "report" : {
    "nodes" : [ {
      "name" : "Simple check",
      "status" : "info",
      "nodes" : [ {
        "name" : "check  testAddGodina.gspec --url file:///C:/Users/adem/Desktop/nginx-1.15.5/html/Marelica/addGodina.html --size 1024x768 --htmlreport izvjestajAddGodina",
        "status" : "info",
        "nodes" : [ {
          "name" : "Check layout: testAddGodina.gspec included tags: ",
          "status" : "info",
          "time" : 1541345540854,
          "sections" : [ {
            "name" : "side",
            "place" : {
              "filePath" : "testAddGodina.gspec",
              "lineNumber" : 9
            },
            "objects" : [ {
              "name" : "side",
              "specs" : [ {
                "status" : "info",
                "place" : {
                  "filePath" : "testAddGodina.gspec",
                  "lineNumber" : 11
                },
                "name" : "width ~ 35 % of screen/width",
                "highlight" : [ "side" ]
              } ]
            } ]
          }, {
            "name" : "glavniSadrzaj",
            "place" : {
              "filePath" : "testAddGodina.gspec",
              "lineNumber" : 13
            },
            "objects" : [ {
              "name" : "glavniSadrzaj",
              "specs" : [ {
                "status" : "info",
                "place" : {
                  "filePath" : "testAddGodina.gspec",
                  "lineNumber" : 15
                },
                "name" : "width ~ 65 % of screen/width",
                "highlight" : [ "glavniSadrzaj" ]
              } ]
            } ]
          }, {
            "name" : "logo",
            "place" : {
              "filePath" : "testAddGodina.gspec",
              "lineNumber" : 17
            },
            "objects" : [ {
              "name" : "logo",
              "specs" : [ {
                "status" : "info",
                "place" : {
                  "filePath" : "testAddGodina.gspec",
                  "lineNumber" : 19
                },
                "name" : "inside header",
                "highlight" : [ "logo", "header" ]
              } ]
            } ]
          }, {
            "name" : "meni",
            "place" : {
              "filePath" : "testAddGodina.gspec",
              "lineNumber" : 21
            },
            "objects" : [ {
              "name" : "meni",
              "specs" : [ {
                "status" : "info",
                "place" : {
                  "filePath" : "testAddGodina.gspec",
                  "lineNumber" : 23
                },
                "name" : "inside header",
                "highlight" : [ "meni", "header" ]
              } ]
            } ]
          } ],
          "objects" : {
            "meni" : {
              "area" : [ 0, 80, 1008, 18 ]
            },
            "side" : {
              "area" : [ 0, 108, 353, 393 ]
            },
            "glavniSadrzaj" : {
              "area" : [ 352, 108, 655, 393 ]
            },
            "logo" : {
              "area" : [ 0, 0, 160, 80 ]
            },
            "header" : {
              "area" : [ 0, 0, 1008, 108 ]
            }
          },
          "screenshot" : "layout-1-screenshot.png",
          "type" : "layout"
        } ],
        "time" : 1541345539615,
        "type" : "node"
      } ],
      "time" : 1541345532832,
      "type" : "node"
    } ]
  }
}