{
  "testId" : "1-testaddstudent.gspec",
  "name" : "testAddStudent.gspec",
  "report" : {
    "nodes" : [ {
      "name" : "Simple check",
      "status" : "info",
      "nodes" : [ {
        "name" : "check  testAddStudent.gspec --url file:///C:/Users/adem/Desktop/nginx-1.15.5/html/Marelica/addStudent.html --size 1024x768 --htmlreport izvjestajAddStudent",
        "status" : "info",
        "nodes" : [ {
          "name" : "Check layout: testAddStudent.gspec included tags: ",
          "status" : "info",
          "time" : 1541344507389,
          "sections" : [ {
            "name" : "glavniSadrzaj",
            "place" : {
              "filePath" : "testAddStudent.gspec",
              "lineNumber" : 8
            },
            "objects" : [ {
              "name" : "glavniSadrzaj",
              "specs" : [ {
                "status" : "info",
                "place" : {
                  "filePath" : "testAddStudent.gspec",
                  "lineNumber" : 10
                },
                "name" : "width 85 % of screen/width",
                "highlight" : [ "glavniSadrzaj" ]
              }, {
                "status" : "info",
                "place" : {
                  "filePath" : "testAddStudent.gspec",
                  "lineNumber" : 11
                },
                "name" : "aligned horizontally all div",
                "highlight" : [ "glavniSadrzaj", "div" ]
              } ]
            } ]
          }, {
            "name" : "logo",
            "place" : {
              "filePath" : "testAddStudent.gspec",
              "lineNumber" : 13
            },
            "objects" : [ {
              "name" : "logo",
              "specs" : [ {
                "status" : "info",
                "place" : {
                  "filePath" : "testAddStudent.gspec",
                  "lineNumber" : 15
                },
                "name" : "inside header",
                "highlight" : [ "logo", "header" ]
              } ]
            } ]
          }, {
            "name" : "meni",
            "place" : {
              "filePath" : "testAddStudent.gspec",
              "lineNumber" : 17
            },
            "objects" : [ {
              "name" : "meni",
              "specs" : [ {
                "status" : "info",
                "place" : {
                  "filePath" : "testAddStudent.gspec",
                  "lineNumber" : 19
                },
                "name" : "inside header",
                "highlight" : [ "meni", "header" ]
              } ]
            } ]
          } ],
          "objects" : {
            "div" : {
              "area" : [ 0, 108, 991, 712 ]
            },
            "meni" : {
              "area" : [ 0, 80, 991, 18 ]
            },
            "glavniSadrzaj" : {
              "area" : [ 74, 108, 843, 712 ]
            },
            "logo" : {
              "area" : [ 0, 0, 160, 80 ]
            },
            "header" : {
              "area" : [ 0, 0, 991, 108 ]
            }
          },
          "screenshot" : "layout-1-screenshot.png",
          "type" : "layout"
        } ],
        "time" : 1541344505905,
        "type" : "node"
      } ],
      "time" : 1541344500889,
      "type" : "node"
    } ]
  }
}