{
  "testId" : "1-addvjezba.gspec",
  "name" : "addVjezba.gspec",
  "report" : {
    "nodes" : [ {
      "name" : "Simple check",
      "status" : "info",
      "nodes" : [ {
        "name" : "check  addVjezba.gspec --url http://localhost/addVjezba.html --size 1366x768 --htmlreport addVjezbaIzvjestaj",
        "status" : "info",
        "nodes" : [ {
          "name" : "Check layout: addVjezba.gspec included tags: ",
          "status" : "info",
          "time" : 1541534388717,
          "sections" : [ {
            "name" : "Header section",
            "place" : {
              "filePath" : "addVjezba.gspec",
              "lineNumber" : 12
            },
            "objects" : [ {
              "name" : "header1",
              "specs" : [ {
                "status" : "info",
                "place" : {
                  "filePath" : "addVjezba.gspec",
                  "lineNumber" : 14
                },
                "name" : "above glavniSadrzaj 0px",
                "highlight" : [ "header1", "glavniSadrzaj" ]
              } ]
            }, {
              "name" : "logo1",
              "specs" : [ {
                "status" : "info",
                "place" : {
                  "filePath" : "addVjezba.gspec",
                  "lineNumber" : 18
                },
                "name" : "inside header1  13px top, 11px left",
                "highlight" : [ "logo1", "header1" ]
              } ]
            }, {
              "name" : "meni1",
              "specs" : [ {
                "status" : "info",
                "place" : {
                  "filePath" : "addVjezba.gspec",
                  "lineNumber" : 22
                },
                "name" : "inside header1",
                "highlight" : [ "meni1", "header1" ]
              }, {
                "status" : "info",
                "place" : {
                  "filePath" : "addVjezba.gspec",
                  "lineNumber" : 23
                },
                "name" : "below logo1",
                "highlight" : [ "meni1", "logo1" ]
              } ]
            } ]
          }, {
            "name" : "Footer section",
            "place" : {
              "filePath" : "addVjezba.gspec",
              "lineNumber" : 34
            },
            "objects" : [ {
              "name" : "footer1",
              "specs" : [ {
                "status" : "info",
                "place" : {
                  "filePath" : "addVjezba.gspec",
                  "lineNumber" : 36
                },
                "name" : "below glavniSadrzaj 0px",
                "highlight" : [ "footer1", "glavniSadrzaj" ]
              } ]
            } ]
          }, {
            "name" : "Main section",
            "place" : {
              "filePath" : "addVjezba.gspec",
              "lineNumber" : 40
            },
            "objects" : [ {
              "name" : "glavniSadrzaj",
              "specs" : [ {
                "status" : "info",
                "place" : {
                  "filePath" : "addVjezba.gspec",
                  "lineNumber" : 42
                },
                "name" : "centered horizontally inside body",
                "highlight" : [ "glavniSadrzaj", "body" ]
              } ]
            }, {
              "name" : "fPostojeca",
              "specs" : [ {
                "status" : "info",
                "place" : {
                  "filePath" : "addVjezba.gspec",
                  "lineNumber" : 51
                },
                "name" : "inside glavniSadrzaj",
                "highlight" : [ "fPostojeca", "glavniSadrzaj" ]
              }, {
                "status" : "info",
                "place" : {
                  "filePath" : "addVjezba.gspec",
                  "lineNumber" : 52
                },
                "name" : "above fNova",
                "highlight" : [ "fPostojeca", "fNova" ]
              } ]
            }, {
              "name" : "fNova",
              "specs" : [ {
                "status" : "info",
                "place" : {
                  "filePath" : "addVjezba.gspec",
                  "lineNumber" : 55
                },
                "name" : "inside glavniSadrzaj",
                "highlight" : [ "fNova", "glavniSadrzaj" ]
              }, {
                "status" : "info",
                "place" : {
                  "filePath" : "addVjezba.gspec",
                  "lineNumber" : 56
                },
                "name" : "below fPostojeca",
                "highlight" : [ "fNova", "fPostojeca" ]
              } ]
            } ]
          } ],
          "objects" : {
            "fNova" : {
              "area" : [ 213, 453, 909, 489 ]
            },
            "meni1" : {
              "area" : [ 11, 68, 1315, 18 ]
            },
            "footer1" : {
              "area" : [ 0, 1036, 1337, 61 ]
            },
            "glavniSadrzaj" : {
              "area" : [ 100, 99, 1136, 937 ]
            },
            "header1" : {
              "area" : [ 0, 0, 1337, 99 ]
            },
            "logo1" : {
              "area" : [ 11, 13, 1315, 55 ]
            },
            "fPostojeca" : {
              "area" : [ 213, 129, 909, 294 ]
            },
            "body" : {
              "area" : [ 0, 0, 1337, 687 ]
            }
          },
          "screenshot" : "layout-1-screenshot.png",
          "type" : "layout"
        } ],
        "time" : 1541534386869,
        "type" : "node"
      } ],
      "time" : 1541534378525,
      "type" : "node"
    } ]
  }
}