{
  "testId" : "1-login.gspec",
  "name" : "login.gspec",
  "report" : {
    "nodes" : [ {
      "name" : "Simple check",
      "status" : "info",
      "nodes" : [ {
        "name" : "check  login.gspec --url http://localhost/login.html --size 1366x768 --htmlreport loginIzvjestaj",
        "status" : "info",
        "nodes" : [ {
          "name" : "Check layout: login.gspec included tags: ",
          "status" : "info",
          "time" : 1541452681148,
          "sections" : [ {
            "name" : "Main section",
            "place" : {
              "filePath" : "login.gspec",
              "lineNumber" : 5
            },
            "objects" : [ {
              "name" : "forma",
              "specs" : [ {
                "status" : "info",
                "place" : {
                  "filePath" : "login.gspec",
                  "lineNumber" : 7
                },
                "name" : "inside login",
                "highlight" : [ "forma", "login" ]
              }, {
                "status" : "info",
                "place" : {
                  "filePath" : "login.gspec",
                  "lineNumber" : 8
                },
                "name" : "centered horizontally inside login",
                "highlight" : [ "forma", "login" ]
              }, {
                "status" : "info",
                "place" : {
                  "filePath" : "login.gspec",
                  "lineNumber" : 9
                },
                "name" : "centered vertically inside login",
                "highlight" : [ "forma", "login" ]
              } ]
            }, {
              "name" : "login",
              "specs" : [ {
                "status" : "info",
                "place" : {
                  "filePath" : "login.gspec",
                  "lineNumber" : 11
                },
                "name" : "centered horizontally inside login",
                "highlight" : [ "login", "login" ]
              }, {
                "status" : "info",
                "place" : {
                  "filePath" : "login.gspec",
                  "lineNumber" : 12
                },
                "name" : "centered vertically inside login",
                "highlight" : [ "login", "login" ]
              } ]
            } ]
          } ],
          "objects" : {
            "forma" : {
              "area" : [ 570, 293, 213, 100 ]
            },
            "login" : {
              "area" : [ 524, 266, 305, 155 ]
            }
          },
          "screenshot" : "layout-1-screenshot.png",
          "type" : "layout"
        } ],
        "time" : 1541452679511,
        "type" : "node"
      } ],
      "time" : 1541452671053,
      "type" : "node"
    } ]
  }
}