{
  "testId" : "1-testzaaddzadatak.gspec",
  "name" : "testZaAddZadatak.gspec",
  "report" : {
    "nodes" : [ {
      "name" : "Simple check",
      "status" : "info",
      "nodes" : [ {
        "name" : "check  testZaAddZadatak.gspec --url http://localhost/addZadatak.html --size 1024x768 --htmlreport izvjestajZaAddZadatak",
        "status" : "info",
        "nodes" : [ {
          "name" : "Check layout: testZaAddZadatak.gspec included tags: ",
          "status" : "info",
          "time" : 1541455431358,
          "sections" : [ {
            "name" : "Header section",
            "place" : {
              "filePath" : "testZaAddZadatak.gspec",
              "lineNumber" : 10
            },
            "objects" : [ {
              "name" : "header",
              "specs" : [ {
                "status" : "info",
                "place" : {
                  "filePath" : "testZaAddZadatak.gspec",
                  "lineNumber" : 12
                },
                "name" : "width ~100% of screen/width",
                "highlight" : [ "header" ]
              }, {
                "status" : "info",
                "place" : {
                  "filePath" : "testZaAddZadatak.gspec",
                  "lineNumber" : 13
                },
                "name" : "contains logo",
                "highlight" : [ "header", "logo" ]
              }, {
                "status" : "info",
                "place" : {
                  "filePath" : "testZaAddZadatak.gspec",
                  "lineNumber" : 14
                },
                "name" : "contains meni",
                "highlight" : [ "header", "meni" ]
              }, {
                "status" : "info",
                "place" : {
                  "filePath" : "testZaAddZadatak.gspec",
                  "lineNumber" : 15
                },
                "name" : "contains logo",
                "highlight" : [ "header", "logo" ]
              } ]
            }, {
              "name" : "logo",
              "specs" : [ {
                "status" : "info",
                "place" : {
                  "filePath" : "testZaAddZadatak.gspec",
                  "lineNumber" : 17
                },
                "name" : "above meni",
                "highlight" : [ "logo", "meni" ]
              } ]
            }, {
              "name" : "meni",
              "specs" : [ {
                "status" : "info",
                "place" : {
                  "filePath" : "testZaAddZadatak.gspec",
                  "lineNumber" : 19
                },
                "name" : "below logo",
                "highlight" : [ "meni", "logo" ]
              } ]
            } ]
          }, {
            "name" : "Main section",
            "place" : {
              "filePath" : "testZaAddZadatak.gspec",
              "lineNumber" : 20
            },
            "objects" : [ {
              "name" : "glavniSadrzaj",
              "specs" : [ {
                "status" : "info",
                "place" : {
                  "filePath" : "testZaAddZadatak.gspec",
                  "lineNumber" : 22
                },
                "name" : "width ~85% of screen/width",
                "highlight" : [ "glavniSadrzaj" ]
              } ]
            }, {
              "name" : "noviZadatak",
              "specs" : [ {
                "status" : "info",
                "place" : {
                  "filePath" : "testZaAddZadatak.gspec",
                  "lineNumber" : 24
                },
                "name" : "inside glavniSadrzaj",
                "highlight" : [ "noviZadatak", "glavniSadrzaj" ]
              } ]
            }, {
              "name" : "naziv",
              "specs" : [ {
                "status" : "info",
                "place" : {
                  "filePath" : "testZaAddZadatak.gspec",
                  "lineNumber" : 26
                },
                "name" : "inside noviZadatak",
                "highlight" : [ "naziv", "noviZadatak" ]
              } ]
            }, {
              "name" : "dodaj",
              "specs" : [ {
                "status" : "info",
                "place" : {
                  "filePath" : "testZaAddZadatak.gspec",
                  "lineNumber" : 28
                },
                "name" : "inside noviZadatak",
                "highlight" : [ "dodaj", "noviZadatak" ]
              } ]
            }, {
              "name" : "footer",
              "specs" : [ {
                "status" : "info",
                "place" : {
                  "filePath" : "testZaAddZadatak.gspec",
                  "lineNumber" : 31
                },
                "name" : "width ~100% of screen/width",
                "highlight" : [ "footer" ]
              } ]
            } ]
          } ],
          "objects" : {
            "meni" : {
              "area" : [ 0, 62, 1012, 21 ]
            },
            "glavniSadrzaj" : {
              "area" : [ 75, 91, 860, 450 ]
            },
            "footer" : {
              "area" : [ 0, 540, 1012, 40 ]
            },
            "dodaj" : {
              "area" : [ 574, 429, 80, 22 ]
            },
            "naziv" : {
              "area" : [ 251, 215, 147, 22 ]
            },
            "header" : {
              "area" : [ 0, 0, 1012, 91 ]
            },
            "logo" : {
              "area" : [ 10, 6, 53, 40 ]
            },
            "noviZadatak" : {
              "area" : [ 161, 125, 688, 382 ]
            }
          },
          "screenshot" : "layout-1-screenshot.png",
          "type" : "layout"
        } ],
        "time" : 1541455429781,
        "type" : "node"
      } ],
      "time" : 1541455423411,
      "type" : "node"
    } ]
  }
}