{
  "testId" : "1-testaddzadatak.gspec",
  "name" : "testAddZadatak.gspec",
  "report" : {
    "nodes" : [ {
      "name" : "Simple check",
      "status" : "info",
      "nodes" : [ {
        "name" : "check  testAddZadatak.gspec --url http://localhost/addZadatak.html --size 1920x1080 --htmlreport addZadatakIzvjestaj",
        "status" : "info",
        "nodes" : [ {
          "name" : "Check layout: testAddZadatak.gspec included tags: ",
          "status" : "info",
          "time" : 1541439262159,
          "sections" : [ {
            "name" : "Main section",
            "place" : {
              "filePath" : "testAddZadatak.gspec",
              "lineNumber" : 11
            },
            "objects" : [ {
              "name" : "sredina",
              "specs" : [ {
                "status" : "info",
                "place" : {
                  "filePath" : "testAddZadatak.gspec",
                  "lineNumber" : 13
                },
                "name" : "width 100% of screen/width",
                "highlight" : [ "sredina" ]
              } ]
            }, {
              "name" : "osjenceni",
              "specs" : [ {
                "status" : "info",
                "place" : {
                  "filePath" : "testAddZadatak.gspec",
                  "lineNumber" : 15
                },
                "name" : "inside glavniSadrzaj",
                "highlight" : [ "osjenceni", "glavniSadrzaj" ]
              } ]
            }, {
              "name" : "glavniSadrzaj",
              "specs" : [ {
                "status" : "info",
                "place" : {
                  "filePath" : "testAddZadatak.gspec",
                  "lineNumber" : 17
                },
                "name" : "inside sredina",
                "highlight" : [ "glavniSadrzaj", "sredina" ]
              }, {
                "status" : "info",
                "place" : {
                  "filePath" : "testAddZadatak.gspec",
                  "lineNumber" : 18
                },
                "name" : "width 84% of sredina/width",
                "highlight" : [ "glavniSadrzaj" ]
              } ]
            }, {
              "name" : "header",
              "specs" : [ {
                "status" : "info",
                "place" : {
                  "filePath" : "testAddZadatak.gspec",
                  "lineNumber" : 20
                },
                "name" : "above glavniSadrzaj",
                "highlight" : [ "header", "glavniSadrzaj" ]
              } ]
            }, {
              "name" : "footer",
              "specs" : [ {
                "status" : "info",
                "place" : {
                  "filePath" : "testAddZadatak.gspec",
                  "lineNumber" : 22
                },
                "name" : "below glavniSadrzaj",
                "highlight" : [ "footer", "glavniSadrzaj" ]
              } ]
            }, {
              "name" : "meni",
              "specs" : [ {
                "status" : "info",
                "place" : {
                  "filePath" : "testAddZadatak.gspec",
                  "lineNumber" : 24
                },
                "name" : "inside header",
                "highlight" : [ "meni", "header" ]
              } ]
            }, {
              "name" : "trenutnaStranica",
              "specs" : [ {
                "status" : "info",
                "place" : {
                  "filePath" : "testAddZadatak.gspec",
                  "lineNumber" : 26
                },
                "name" : "inside header",
                "highlight" : [ "trenutnaStranica", "header" ]
              } ]
            }, {
              "name" : "logo",
              "specs" : [ {
                "status" : "info",
                "place" : {
                  "filePath" : "testAddZadatak.gspec",
                  "lineNumber" : 28
                },
                "name" : "inside header",
                "highlight" : [ "logo", "header" ]
              } ]
            } ]
          } ],
          "objects" : {
            "meni" : {
              "area" : [ 0, 99, 1908, 99 ]
            },
            "osjenceni" : {
              "area" : [ 548, 252, 810, 559 ]
            },
            "glavniSadrzaj" : {
              "area" : [ 143, 199, 1621, 699 ]
            },
            "trenutnaStranica" : {
              "area" : [ 954, 0, 954, 79 ]
            },
            "footer" : {
              "area" : [ 0, 899, 1908, 99 ]
            },
            "header" : {
              "area" : [ 0, 0, 1908, 199 ]
            },
            "logo" : {
              "area" : [ 0, 0, 954, 99 ]
            },
            "sredina" : {
              "area" : [ 0, 199, 1908, 699 ]
            }
          },
          "screenshot" : "layout-1-screenshot.png",
          "type" : "layout"
        } ],
        "time" : 1541439259176,
        "type" : "node"
      } ],
      "time" : 1541439250235,
      "type" : "node"
    } ]
  }
}