{
  "testId" : "1-testzadaci.gspec",
  "name" : "testZadaci.gspec",
  "report" : {
    "nodes" : [ {
      "name" : "Simple check",
      "status" : "info",
      "nodes" : [ {
        "name" : "check  testZadaci.gspec --url http://localhost/zadaci.html --size 1920x1080 --htmlreport zadaciIzvjestaj",
        "status" : "info",
        "nodes" : [ {
          "name" : "Check layout: testZadaci.gspec included tags: ",
          "status" : "info",
          "time" : 1541436171979,
          "sections" : [ {
            "name" : "Main section",
            "place" : {
              "filePath" : "testZadaci.gspec",
              "lineNumber" : 11
            },
            "objects" : [ {
              "name" : "imena",
              "specs" : [ {
                "status" : "info",
                "place" : {
                  "filePath" : "testZadaci.gspec",
                  "lineNumber" : 13
                },
                "name" : "width 25% of screen/width",
                "highlight" : [ "imena" ]
              } ]
            }, {
              "name" : "godina",
              "specs" : [ {
                "status" : "info",
                "place" : {
                  "filePath" : "testZadaci.gspec",
                  "lineNumber" : 15
                },
                "name" : "width 25% of screen/width",
                "highlight" : [ "godina" ]
              } ]
            }, {
              "name" : "header",
              "specs" : [ {
                "status" : "info",
                "place" : {
                  "filePath" : "testZadaci.gspec",
                  "lineNumber" : 17
                },
                "name" : "above imena",
                "highlight" : [ "header", "imena" ]
              }, {
                "status" : "info",
                "place" : {
                  "filePath" : "testZadaci.gspec",
                  "lineNumber" : 18
                },
                "name" : "above glavniSadrzaj",
                "highlight" : [ "header", "glavniSadrzaj" ]
              }, {
                "status" : "info",
                "place" : {
                  "filePath" : "testZadaci.gspec",
                  "lineNumber" : 19
                },
                "name" : "above godina",
                "highlight" : [ "header", "godina" ]
              } ]
            }, {
              "name" : "footer",
              "specs" : [ {
                "status" : "info",
                "place" : {
                  "filePath" : "testZadaci.gspec",
                  "lineNumber" : 21
                },
                "name" : "below imena",
                "highlight" : [ "footer", "imena" ]
              }, {
                "status" : "info",
                "place" : {
                  "filePath" : "testZadaci.gspec",
                  "lineNumber" : 22
                },
                "name" : "below godina",
                "highlight" : [ "footer", "godina" ]
              }, {
                "status" : "info",
                "place" : {
                  "filePath" : "testZadaci.gspec",
                  "lineNumber" : 23
                },
                "name" : "below glavniSadrzaj",
                "highlight" : [ "footer", "glavniSadrzaj" ]
              } ]
            }, {
              "name" : "meni",
              "specs" : [ {
                "status" : "info",
                "place" : {
                  "filePath" : "testZadaci.gspec",
                  "lineNumber" : 25
                },
                "name" : "inside header",
                "highlight" : [ "meni", "header" ]
              } ]
            }, {
              "name" : "trenutnaStranica",
              "specs" : [ {
                "status" : "info",
                "place" : {
                  "filePath" : "testZadaci.gspec",
                  "lineNumber" : 27
                },
                "name" : "inside header",
                "highlight" : [ "trenutnaStranica", "header" ]
              } ]
            }, {
              "name" : "logo",
              "specs" : [ {
                "status" : "info",
                "place" : {
                  "filePath" : "testZadaci.gspec",
                  "lineNumber" : 29
                },
                "name" : "inside header",
                "highlight" : [ "logo", "header" ]
              } ]
            }, {
              "name" : "glavniSadrzaj",
              "specs" : [ {
                "status" : "info",
                "place" : {
                  "filePath" : "testZadaci.gspec",
                  "lineNumber" : 31
                },
                "name" : "width 50% of screen/width",
                "highlight" : [ "glavniSadrzaj" ]
              } ]
            } ]
          } ],
          "objects" : {
            "meni" : {
              "area" : [ 0, 79, 1908, 119 ]
            },
            "glavniSadrzaj" : {
              "area" : [ 954, 199, 954, 699 ]
            },
            "trenutnaStranica" : {
              "area" : [ 954, 0, 954, 79 ]
            },
            "footer" : {
              "area" : [ 0, 899, 1908, 99 ]
            },
            "header" : {
              "area" : [ 0, 0, 1908, 199 ]
            },
            "logo" : {
              "area" : [ 0, 0, 954, 79 ]
            },
            "imena" : {
              "area" : [ 477, 199, 479, 699 ]
            },
            "godina" : {
              "area" : [ 0, 199, 479, 699 ]
            }
          },
          "screenshot" : "layout-1-screenshot.png",
          "type" : "layout"
        } ],
        "time" : 1541436169367,
        "type" : "node"
      } ],
      "time" : 1541436162540,
      "type" : "node"
    } ]
  }
}