{
  "testId" : "1-addgodinatest.gspec",
  "name" : "addGodinaTest.gspec",
  "report" : {
    "nodes" : [ {
      "name" : "Simple check",
      "status" : "info",
      "nodes" : [ {
        "name" : "check  addGodinaTest.gspec --url http://localhost/addGodina.html --size 1200x920 --htmlreport addGodinaTestResults",
        "status" : "info",
        "nodes" : [ {
          "name" : "Check layout: addGodinaTest.gspec included tags: ",
          "status" : "info",
          "time" : 1541446075555,
          "sections" : [ {
            "name" : "Meni section",
            "objects" : [ {
              "name" : "header",
              "specs" : [ {
                "status" : "info",
                "place" : {
                  "filePath" : "addGodinaTest.gspec",
                  "lineNumber" : 14
                },
                "name" : "contains meni, logo, naziv",
                "highlight" : [ "header", "meni", "logo", "naziv" ]
              }, {
                "status" : "info",
                "place" : {
                  "filePath" : "addGodinaTest.gspec",
                  "lineNumber" : 21
                },
                "name" : "above glavniSadrzaj  -1px",
                "highlight" : [ "header", "glavniSadrzaj" ]
              }, {
                "status" : "info",
                "place" : {
                  "filePath" : "addGodinaTest.gspec",
                  "lineNumber" : 22
                },
                "name" : "above side  -1px",
                "highlight" : [ "header", "side" ]
              } ]
            }, {
              "name" : "glavniSadrzaj",
              "specs" : [ {
                "status" : "info",
                "place" : {
                  "filePath" : "addGodinaTest.gspec",
                  "lineNumber" : 16
                },
                "name" : "above footer 0px",
                "highlight" : [ "glavniSadrzaj", "footer" ]
              }, {
                "status" : "info",
                "place" : {
                  "filePath" : "addGodinaTest.gspec",
                  "lineNumber" : 17
                },
                "name" : "width 64 % of screen/width",
                "highlight" : [ "glavniSadrzaj" ]
              } ]
            }, {
              "name" : "footer",
              "specs" : [ {
                "status" : "info",
                "place" : {
                  "filePath" : "addGodinaTest.gspec",
                  "lineNumber" : 19
                },
                "name" : "text contains \"Web tehnologije 2018/19\"",
                "highlight" : [ "footer" ]
              } ]
            }, {
              "name" : "side",
              "specs" : [ {
                "status" : "info",
                "place" : {
                  "filePath" : "addGodinaTest.gspec",
                  "lineNumber" : 24
                },
                "name" : "width  35 % of screen/width",
                "highlight" : [ "side" ]
              }, {
                "status" : "info",
                "place" : {
                  "filePath" : "addGodinaTest.gspec",
                  "lineNumber" : 25
                },
                "name" : "above footer  0px",
                "highlight" : [ "side", "footer" ]
              } ]
            }, {
              "name" : "godina",
              "specs" : [ {
                "status" : "info",
                "place" : {
                  "filePath" : "addGodinaTest.gspec",
                  "lineNumber" : 27
                },
                "name" : "inside glavniSadrzaj",
                "highlight" : [ "godina", "glavniSadrzaj" ]
              } ]
            }, {
              "name" : "logo",
              "specs" : [ {
                "status" : "info",
                "place" : {
                  "filePath" : "addGodinaTest.gspec",
                  "lineNumber" : 29
                },
                "name" : "inside header 0px top left",
                "highlight" : [ "logo", "header" ]
              } ]
            } ]
          } ],
          "objects" : {
            "meni" : {
              "area" : [ 80, 35, 604, 50 ]
            },
            "glavniSadrzaj" : {
              "area" : [ 411, 91, 765, 563 ]
            },
            "side" : {
              "area" : [ 0, 91, 412, 563 ]
            },
            "footer" : {
              "area" : [ 0, 654, 1177, 31 ]
            },
            "naziv" : {
              "area" : [ 1012, 0, 164, 35 ]
            },
            "header" : {
              "area" : [ 0, 0, 1177, 92 ]
            },
            "logo" : {
              "area" : [ 0, 0, 80, 52 ]
            },
            "godina" : {
              "area" : [ 450, 129, 186, 186 ]
            }
          },
          "screenshot" : "layout-1-screenshot.png",
          "type" : "layout"
        } ],
        "time" : 1541446074082,
        "type" : "node"
      } ],
      "time" : 1541446071385,
      "type" : "node"
    } ]
  }
}