{
  "testId" : "1-testaddzadatak.gspec",
  "name" : "testAddZadatak.gspec",
  "report" : {
    "nodes" : [ {
      "name" : "Simple check",
      "status" : "info",
      "nodes" : [ {
        "name" : "check  testAddZadatak.gspec --url file:///C:/Users/adem/Desktop/nginx-1.15.5/html/Marelica/addZad.html --size 1024x768 --htmlreport izvjestajAddZadatak",
        "status" : "info",
        "nodes" : [ {
          "name" : "Check layout: testAddZadatak.gspec included tags: ",
          "status" : "info",
          "time" : 1541343639185,
          "sections" : [ {
            "name" : "glavniSadrzaj",
            "place" : {
              "filePath" : "testAddZadatak.gspec",
              "lineNumber" : 9
            },
            "objects" : [ {
              "name" : "glavniSadrzaj",
              "specs" : [ {
                "status" : "info",
                "place" : {
                  "filePath" : "testAddZadatak.gspec",
                  "lineNumber" : 11
                },
                "name" : "width ~ 85 % of screen/width",
                "highlight" : [ "glavniSadrzaj" ]
              }, {
                "status" : "info",
                "place" : {
                  "filePath" : "testAddZadatak.gspec",
                  "lineNumber" : 12
                },
                "name" : "aligned horizontally all div",
                "highlight" : [ "glavniSadrzaj", "div" ]
              } ]
            } ]
          }, {
            "name" : "logo",
            "place" : {
              "filePath" : "testAddZadatak.gspec",
              "lineNumber" : 14
            },
            "objects" : [ {
              "name" : "logo",
              "specs" : [ {
                "status" : "info",
                "place" : {
                  "filePath" : "testAddZadatak.gspec",
                  "lineNumber" : 16
                },
                "name" : "inside header",
                "highlight" : [ "logo", "header" ]
              } ]
            } ]
          }, {
            "name" : "meni",
            "place" : {
              "filePath" : "testAddZadatak.gspec",
              "lineNumber" : 18
            },
            "objects" : [ {
              "name" : "meni",
              "specs" : [ {
                "status" : "info",
                "place" : {
                  "filePath" : "testAddZadatak.gspec",
                  "lineNumber" : 20
                },
                "name" : "inside header",
                "highlight" : [ "meni", "header" ]
              } ]
            } ]
          } ],
          "objects" : {
            "div" : {
              "area" : [ 0, 108, 1008, 370 ]
            },
            "meni" : {
              "area" : [ 0, 80, 1008, 18 ]
            },
            "glavniSadrzaj" : {
              "area" : [ 75, 108, 856, 370 ]
            },
            "logo" : {
              "area" : [ 0, 0, 160, 80 ]
            },
            "header" : {
              "area" : [ 0, 0, 1008, 108 ]
            }
          },
          "screenshot" : "layout-1-screenshot.png",
          "type" : "layout"
        } ],
        "time" : 1541343637720,
        "type" : "node"
      } ],
      "time" : 1541343632628,
      "type" : "node"
    } ]
  }
}