{
  "testId" : "1-testzacommiti.gspec",
  "name" : "testZaCommiti.gspec",
  "report" : {
    "nodes" : [ {
      "name" : "Simple check",
      "status" : "info",
      "nodes" : [ {
        "name" : "check  testZaCommiti.gspec --url http://localhost/commiti.html --size 1024x768 --htmlreport izvjestajZaCommiti",
        "status" : "info",
        "nodes" : [ {
          "name" : "Check layout: testZaCommiti.gspec included tags: ",
          "status" : "info",
          "time" : 1541455722526,
          "sections" : [ {
            "name" : "Header section",
            "place" : {
              "filePath" : "testZaCommiti.gspec",
              "lineNumber" : 8
            },
            "objects" : [ {
              "name" : "header",
              "specs" : [ {
                "status" : "info",
                "place" : {
                  "filePath" : "testZaCommiti.gspec",
                  "lineNumber" : 10
                },
                "name" : "width ~100% of screen/width",
                "highlight" : [ "header" ]
              } ]
            }, {
              "name" : "meni",
              "specs" : [ {
                "status" : "info",
                "place" : {
                  "filePath" : "testZaCommiti.gspec",
                  "lineNumber" : 12
                },
                "name" : "inside header",
                "highlight" : [ "meni", "header" ]
              } ]
            }, {
              "name" : "logo",
              "specs" : [ {
                "status" : "info",
                "place" : {
                  "filePath" : "testZaCommiti.gspec",
                  "lineNumber" : 14
                },
                "name" : "above meni",
                "highlight" : [ "logo", "meni" ]
              }, {
                "status" : "info",
                "place" : {
                  "filePath" : "testZaCommiti.gspec",
                  "lineNumber" : 15
                },
                "name" : "inside header",
                "highlight" : [ "logo", "header" ]
              } ]
            } ]
          }, {
            "name" : "Sredina section",
            "place" : {
              "filePath" : "testZaCommiti.gspec",
              "lineNumber" : 16
            },
            "objects" : [ {
              "name" : "sredina",
              "specs" : [ {
                "status" : "info",
                "place" : {
                  "filePath" : "testZaCommiti.gspec",
                  "lineNumber" : 18
                },
                "name" : "width ~100% of screen/width",
                "highlight" : [ "sredina" ]
              } ]
            }, {
              "name" : "commiti",
              "specs" : [ {
                "status" : "info",
                "place" : {
                  "filePath" : "testZaCommiti.gspec",
                  "lineNumber" : 20
                },
                "name" : "inside sredina",
                "highlight" : [ "commiti", "sredina" ]
              } ]
            } ]
          }, {
            "name" : "Footer section",
            "place" : {
              "filePath" : "testZaCommiti.gspec",
              "lineNumber" : 21
            },
            "objects" : [ {
              "name" : "footer",
              "specs" : [ {
                "status" : "info",
                "place" : {
                  "filePath" : "testZaCommiti.gspec",
                  "lineNumber" : 23
                },
                "name" : "width ~100% of screen/width",
                "highlight" : [ "footer" ]
              } ]
            } ]
          } ],
          "objects" : {
            "meni" : {
              "area" : [ 0, 58, 1012, 21 ]
            },
            "footer" : {
              "area" : [ 0, 539, 1012, 40 ]
            },
            "commiti" : {
              "area" : [ 60, 212, 556, 241 ]
            },
            "header" : {
              "area" : [ 0, 0, 1012, 90 ]
            },
            "logo" : {
              "area" : [ 10, 6, 53, 40 ]
            },
            "sredina" : {
              "area" : [ 0, 90, 1012, 450 ]
            }
          },
          "screenshot" : "layout-1-screenshot.png",
          "type" : "layout"
        } ],
        "time" : 1541455721250,
        "type" : "node"
      } ],
      "time" : 1541455714972,
      "type" : "node"
    } ]
  }
}