{
  "testId" : "1-addstudenttest.gspec",
  "name" : "addStudentTest.gspec",
  "report" : {
    "nodes" : [ {
      "name" : "Simple check",
      "status" : "info",
      "nodes" : [ {
        "name" : "check  addStudentTest.gspec --url http://localhost/addStudent.html --size 1200x920 --htmlreport addStudentTestResults",
        "status" : "info",
        "nodes" : [ {
          "name" : "Check layout: addStudentTest.gspec included tags: ",
          "status" : "info",
          "time" : 1541445843907,
          "sections" : [ {
            "name" : "Meni section",
            "objects" : [ {
              "name" : "header",
              "specs" : [ {
                "status" : "info",
                "place" : {
                  "filePath" : "addStudentTest.gspec",
                  "lineNumber" : 13
                },
                "name" : "contains meni, logo, naziv",
                "highlight" : [ "header", "meni", "logo", "naziv" ]
              }, {
                "status" : "info",
                "place" : {
                  "filePath" : "addStudentTest.gspec",
                  "lineNumber" : 20
                },
                "name" : "above glavniSadrzaj  -1px",
                "highlight" : [ "header", "glavniSadrzaj" ]
              } ]
            }, {
              "name" : "glavniSadrzaj",
              "specs" : [ {
                "status" : "info",
                "place" : {
                  "filePath" : "addStudentTest.gspec",
                  "lineNumber" : 15
                },
                "name" : "above footer 0px",
                "highlight" : [ "glavniSadrzaj", "footer" ]
              }, {
                "status" : "info",
                "place" : {
                  "filePath" : "addStudentTest.gspec",
                  "lineNumber" : 16
                },
                "name" : "width 85 % of screen/width",
                "highlight" : [ "glavniSadrzaj" ]
              } ]
            }, {
              "name" : "footer",
              "specs" : [ {
                "status" : "info",
                "place" : {
                  "filePath" : "addStudentTest.gspec",
                  "lineNumber" : 18
                },
                "name" : "text contains \"Web tehnologije 2018/19\"",
                "highlight" : [ "footer" ]
              } ]
            }, {
              "name" : "logo",
              "specs" : [ {
                "status" : "info",
                "place" : {
                  "filePath" : "addStudentTest.gspec",
                  "lineNumber" : 22
                },
                "name" : "inside header 0px top left",
                "highlight" : [ "logo", "header" ]
              } ]
            }, {
              "name" : "forma",
              "specs" : [ {
                "status" : "info",
                "place" : {
                  "filePath" : "addStudentTest.gspec",
                  "lineNumber" : 24
                },
                "name" : "inside glavniSadrzaj",
                "highlight" : [ "forma", "glavniSadrzaj" ]
              } ]
            } ]
          } ],
          "objects" : {
            "meni" : {
              "area" : [ 80, 35, 604, 50 ]
            },
            "glavniSadrzaj" : {
              "area" : [ 88, 91, 1001, 881 ]
            },
            "footer" : {
              "area" : [ 0, 972, 1177, 30 ]
            },
            "naziv" : {
              "area" : [ 1012, 0, 164, 35 ]
            },
            "header" : {
              "area" : [ 0, 0, 1177, 92 ]
            },
            "logo" : {
              "area" : [ 0, 0, 80, 52 ]
            },
            "forma" : {
              "area" : [ 147, 150, 883, 413 ]
            }
          },
          "screenshot" : "layout-1-screenshot.png",
          "type" : "layout"
        } ],
        "time" : 1541445842389,
        "type" : "node"
      } ],
      "time" : 1541445839751,
      "type" : "node"
    } ]
  }
}