{
  "testId" : "1-zadacitest600px.gspec",
  "name" : "zadaciTest600px.gspec",
  "report" : {
    "nodes" : [ {
      "name" : "Simple check",
      "status" : "info",
      "nodes" : [ {
        "name" : "check  zadaciTest600px.gspec --url http://localhost/zadaci.html --size 599x720 --htmlreport zadaci600pxTestResult",
        "status" : "info",
        "nodes" : [ {
          "name" : "Check layout: zadaciTest600px.gspec included tags: ",
          "status" : "info",
          "time" : 1541443415939,
          "sections" : [ {
            "name" : "Meni section",
            "objects" : [ {
              "name" : "header",
              "specs" : [ {
                "status" : "info",
                "place" : {
                  "filePath" : "zadaciTest600px.gspec",
                  "lineNumber" : 16
                },
                "name" : "contains partly meni, logo, naziv",
                "highlight" : [ "header", "meni", "logo", "naziv" ]
              }, {
                "status" : "info",
                "place" : {
                  "filePath" : "zadaciTest600px.gspec",
                  "lineNumber" : 26
                },
                "name" : "above cetvrtina -1px",
                "highlight" : [ "header", "cetvrtina" ]
              } ]
            }, {
              "name" : "cetvrtina",
              "specs" : [ {
                "status" : "info",
                "place" : {
                  "filePath" : "zadaciTest600px.gspec",
                  "lineNumber" : 18
                },
                "name" : "above polovina",
                "highlight" : [ "cetvrtina", "polovina" ]
              }, {
                "status" : "info",
                "place" : {
                  "filePath" : "zadaciTest600px.gspec",
                  "lineNumber" : 19
                },
                "name" : "width 100 % of screen/width",
                "highlight" : [ "cetvrtina" ]
              } ]
            }, {
              "name" : "polovina",
              "specs" : [ {
                "status" : "info",
                "place" : {
                  "filePath" : "zadaciTest600px.gspec",
                  "lineNumber" : 21
                },
                "name" : "above footer 0px",
                "highlight" : [ "polovina", "footer" ]
              }, {
                "status" : "info",
                "place" : {
                  "filePath" : "zadaciTest600px.gspec",
                  "lineNumber" : 22
                },
                "name" : "width 100 % of screen/width",
                "highlight" : [ "polovina" ]
              } ]
            }, {
              "name" : "footer",
              "specs" : [ {
                "status" : "info",
                "place" : {
                  "filePath" : "zadaciTest600px.gspec",
                  "lineNumber" : 24
                },
                "name" : "text contains \"Web tehnologije 2018/19\"",
                "highlight" : [ "footer" ]
              } ]
            }, {
              "name" : "logo",
              "specs" : [ {
                "status" : "info",
                "place" : {
                  "filePath" : "zadaciTest600px.gspec",
                  "lineNumber" : 28
                },
                "name" : "inside header 0px top left",
                "highlight" : [ "logo", "header" ]
              } ]
            }, {
              "name" : "godina",
              "specs" : [ {
                "status" : "info",
                "place" : {
                  "filePath" : "zadaciTest600px.gspec",
                  "lineNumber" : 30
                },
                "name" : "inside cetvrtina",
                "highlight" : [ "godina", "cetvrtina" ]
              } ]
            }, {
              "name" : "imena",
              "specs" : [ {
                "status" : "info",
                "place" : {
                  "filePath" : "zadaciTest600px.gspec",
                  "lineNumber" : 32
                },
                "name" : "inside partly cetvrtina",
                "highlight" : [ "imena", "cetvrtina" ]
              } ]
            }, {
              "name" : "folder",
              "specs" : [ {
                "status" : "info",
                "place" : {
                  "filePath" : "zadaciTest600px.gspec",
                  "lineNumber" : 34
                },
                "name" : "inside polovina",
                "highlight" : [ "folder", "polovina" ]
              } ]
            }, {
              "name" : "item",
              "specs" : [ {
                "status" : "info",
                "place" : {
                  "filePath" : "zadaciTest600px.gspec",
                  "lineNumber" : 36
                },
                "name" : "inside folder",
                "highlight" : [ "item", "folder" ]
              } ]
            } ]
          } ],
          "objects" : {
            "meni" : {
              "area" : [ 0, 69, 576, 50 ]
            },
            "item" : {
              "area" : [ 119, 1184, 86, 86 ]
            },
            "folder" : {
              "area" : [ 57, 1146, 462, 290 ]
            },
            "footer" : {
              "area" : [ 0, 1795, 576, 59 ]
            },
            "naziv" : {
              "area" : [ 0, 119, 582, 33 ]
            },
            "header" : {
              "area" : [ 0, 0, 576, 152 ]
            },
            "logo" : {
              "area" : [ 0, 0, 80, 52 ]
            },
            "polovina" : {
              "area" : [ 0, 1117, 576, 678 ]
            },
            "godina" : {
              "area" : [ 115, 210, 352, 242 ]
            },
            "imena" : {
              "area" : [ 115, 734, 352, 242 ]
            },
            "cetvrtina" : {
              "area" : [ 0, 151, 576, 483 ]
            }
          },
          "screenshot" : "layout-1-screenshot.png",
          "type" : "layout"
        } ],
        "time" : 1541443414402,
        "type" : "node"
      } ],
      "time" : 1541443411824,
      "type" : "node"
    } ]
  }
}