{
  "testId" : "1-commititest.gspec",
  "name" : "commititest.gspec",
  "report" : {
    "nodes" : [ {
      "name" : "Simple check",
      "status" : "info",
      "nodes" : [ {
        "name" : "check  commititest.gspec --url http://127.0.0.1:5500/commiti.html --size 580x400 --htmlreport commititest600",
        "status" : "info",
        "nodes" : [ {
          "name" : "Check layout: commititest.gspec included tags: ",
          "status" : "info",
          "time" : 1541530941719,
          "sections" : [ {
            "name" : "main section",
            "place" : {
              "filePath" : "commititest.gspec",
              "lineNumber" : 11
            },
            "objects" : [ {
              "name" : "header",
              "specs" : [ {
                "status" : "info",
                "place" : {
                  "filePath" : "commititest.gspec",
                  "lineNumber" : 13
                },
                "name" : "above footer",
                "meta" : [ {
                  "from" : {
                    "object" : "header",
                    "edge" : "bottom"
                  },
                  "to" : {
                    "object" : "footer",
                    "edge" : "top"
                  },
                  "expectedDistance" : ">= 0px",
                  "realDistance" : "416px"
                } ],
                "highlight" : [ "header", "footer" ]
              }, {
                "status" : "info",
                "place" : {
                  "filePath" : "commititest.gspec",
                  "lineNumber" : 14
                },
                "name" : "contains logo",
                "highlight" : [ "header", "logo" ]
              }, {
                "status" : "info",
                "place" : {
                  "filePath" : "commititest.gspec",
                  "lineNumber" : 15
                },
                "name" : "contains naslov",
                "highlight" : [ "header", "naslov" ]
              }, {
                "status" : "info",
                "place" : {
                  "filePath" : "commititest.gspec",
                  "lineNumber" : 16
                },
                "name" : "contains meni",
                "highlight" : [ "header", "meni" ]
              } ]
            }, {
              "name" : "meni",
              "specs" : [ {
                "status" : "info",
                "place" : {
                  "filePath" : "commititest.gspec",
                  "lineNumber" : 20
                },
                "name" : "above naslov >= -1px",
                "meta" : [ {
                  "from" : {
                    "object" : "meni",
                    "edge" : "bottom"
                  },
                  "to" : {
                    "object" : "naslov",
                    "edge" : "top"
                  },
                  "expectedDistance" : ">= -1px",
                  "realDistance" : "1px"
                } ],
                "highlight" : [ "meni", "naslov" ]
              } ]
            }, {
              "name" : "body",
              "specs" : [ {
                "status" : "info",
                "place" : {
                  "filePath" : "commititest.gspec",
                  "lineNumber" : 26
                },
                "name" : "contains podatak",
                "highlight" : [ "body", "podatak" ]
              }, {
                "status" : "info",
                "place" : {
                  "filePath" : "commititest.gspec",
                  "lineNumber" : 27
                },
                "name" : "contains tabela",
                "highlight" : [ "body", "tabela" ]
              } ]
            }, {
              "name" : "tabela",
              "specs" : [ {
                "status" : "info",
                "place" : {
                  "filePath" : "commititest.gspec",
                  "lineNumber" : 30
                },
                "name" : "centered horizontally inside screen",
                "highlight" : [ "tabela", "screen" ]
              } ]
            } ]
          } ],
          "objects" : {
            "meni" : {
              "area" : [ 0, 84, 553, 44 ]
            },
            "podatak" : {
              "area" : [ 5, 198, 543, 18 ]
            },
            "naslov" : {
              "area" : [ 306, 129, 231, 37 ]
            },
            "tabela" : {
              "area" : [ 51, 289, 450, 256 ]
            },
            "footer" : {
              "area" : [ 0, 587, 553, 28 ]
            },
            "header" : {
              "area" : [ 0, 0, 553, 171 ]
            },
            "logo" : {
              "area" : [ 2, 2, 76, 77 ]
            },
            "screen" : {
              "area" : [ 0, 0, 553, 616 ]
            },
            "body" : {
              "area" : [ 0, 0, 553, 616 ]
            }
          },
          "screenshot" : "layout-1-screenshot.png",
          "type" : "layout"
        } ],
        "time" : 1541530940376,
        "type" : "node"
      } ],
      "time" : 1541530936158,
      "type" : "node"
    } ]
  }
}