{
  "testId" : "1-zadacitest.gspec",
  "name" : "zadacitest.gspec",
  "report" : {
    "nodes" : [ {
      "name" : "Simple check",
      "status" : "info",
      "nodes" : [ {
        "name" : "check  zadacitest.gspec --url http://127.0.0.1:5500/zadaci.html --size 1280x1024 --htmlreport zadacitest",
        "status" : "info",
        "nodes" : [ {
          "name" : "Check layout: zadacitest.gspec included tags: ",
          "status" : "info",
          "time" : 1541531542359,
          "sections" : [ {
            "name" : "main section",
            "place" : {
              "filePath" : "zadacitest.gspec",
              "lineNumber" : 14
            },
            "objects" : [ {
              "name" : "header",
              "specs" : [ {
                "status" : "info",
                "place" : {
                  "filePath" : "zadacitest.gspec",
                  "lineNumber" : 16
                },
                "name" : "above footer",
                "meta" : [ {
                  "from" : {
                    "object" : "header",
                    "edge" : "bottom"
                  },
                  "to" : {
                    "object" : "footer",
                    "edge" : "top"
                  },
                  "expectedDistance" : ">= 0px",
                  "realDistance" : "575px"
                } ],
                "highlight" : [ "header", "footer" ]
              }, {
                "status" : "info",
                "place" : {
                  "filePath" : "zadacitest.gspec",
                  "lineNumber" : 17
                },
                "name" : "contains logo",
                "highlight" : [ "header", "logo" ]
              }, {
                "status" : "info",
                "place" : {
                  "filePath" : "zadacitest.gspec",
                  "lineNumber" : 18
                },
                "name" : "contains naslov",
                "highlight" : [ "header", "naslov" ]
              }, {
                "status" : "info",
                "place" : {
                  "filePath" : "zadacitest.gspec",
                  "lineNumber" : 19
                },
                "name" : "contains meni",
                "highlight" : [ "header", "meni" ]
              } ]
            }, {
              "name" : "meni",
              "specs" : [ {
                "status" : "info",
                "place" : {
                  "filePath" : "zadacitest.gspec",
                  "lineNumber" : 30
                },
                "name" : "below naslov >= -1px",
                "meta" : [ {
                  "from" : {
                    "object" : "meni",
                    "edge" : "top"
                  },
                  "to" : {
                    "object" : "naslov",
                    "edge" : "bottom"
                  },
                  "expectedDistance" : ">= -1px",
                  "realDistance" : "26px"
                } ],
                "highlight" : [ "meni", "naslov" ]
              } ]
            }, {
              "name" : "cetvrtina",
              "specs" : [ {
                "status" : "info",
                "place" : {
                  "filePath" : "zadacitest.gspec",
                  "lineNumber" : 33
                },
                "name" : "left-of polovina >= -1px",
                "meta" : [ {
                  "from" : {
                    "object" : "cetvrtina",
                    "edge" : "right"
                  },
                  "to" : {
                    "object" : "polovina",
                    "edge" : "left"
                  },
                  "expectedDistance" : ">= -1px",
                  "realDistance" : "316px"
                } ],
                "highlight" : [ "cetvrtina", "polovina" ]
              } ]
            }, {
              "name" : "godina",
              "specs" : [ {
                "status" : "info",
                "place" : {
                  "filePath" : "zadacitest.gspec",
                  "lineNumber" : 36
                },
                "name" : "inside cetvrtina",
                "meta" : [ ],
                "highlight" : [ "godina", "cetvrtina" ]
              } ]
            }, {
              "name" : "folder",
              "specs" : [ {
                "status" : "info",
                "place" : {
                  "filePath" : "zadacitest.gspec",
                  "lineNumber" : 39
                },
                "name" : "inside polovina",
                "meta" : [ ],
                "highlight" : [ "folder", "polovina" ]
              } ]
            }, {
              "name" : "item",
              "specs" : [ {
                "status" : "info",
                "place" : {
                  "filePath" : "zadacitest.gspec",
                  "lineNumber" : 42
                },
                "name" : "inside folder",
                "meta" : [ ],
                "highlight" : [ "item", "folder" ]
              } ]
            } ]
          } ],
          "objects" : {
            "meni" : {
              "area" : [ 0, 84, 1270, 26 ]
            },
            "naslov" : {
              "area" : [ 1023, 21, 231, 37 ]
            },
            "item" : {
              "area" : [ 663, 156, 67, 58 ]
            },
            "folder" : {
              "area" : [ 653, 130, 595, 94 ]
            },
            "footer" : {
              "area" : [ 0, 685, 1270, 28 ]
            },
            "header" : {
              "area" : [ 0, 0, 1270, 110 ]
            },
            "logo" : {
              "area" : [ 2, 2, 76, 77 ]
            },
            "polovina" : {
              "area" : [ 633, 110, 637, 576 ]
            },
            "godina" : {
              "area" : [ 33, 206, 250, 352 ]
            },
            "cetvrtina" : {
              "area" : [ 0, 110, 317, 576 ]
            }
          },
          "screenshot" : "layout-1-screenshot.png",
          "type" : "layout"
        } ],
        "time" : 1541531540742,
        "type" : "node"
      } ],
      "time" : 1541531536723,
      "type" : "node"
    } ]
  }
}