{
  "testId" : "1-logintest.gspec",
  "name" : "loginTest.gspec",
  "report" : {
    "nodes" : [ {
      "name" : "Simple check",
      "status" : "info",
      "nodes" : [ {
        "name" : "check  loginTest.gspec --url http://localhost/login.html --size 600x750 --htmlreport loginTestResults",
        "status" : "info",
        "nodes" : [ {
          "name" : "Check layout: loginTest.gspec included tags: ",
          "status" : "info",
          "time" : 1541199313985,
          "sections" : [ {
            "name" : "Meni section",
            "objects" : [ {
              "name" : "login",
              "specs" : [ {
                "status" : "info",
                "place" : {
                  "filePath" : "loginTest.gspec",
                  "lineNumber" : 9
                },
                "name" : "contains login.input, login.password, login.button",
                "highlight" : [ "login", "login.input", "login.password", "login.button" ]
              }, {
                "status" : "info",
                "place" : {
                  "filePath" : "loginTest.gspec",
                  "lineNumber" : 11
                },
                "name" : "inside screen",
                "highlight" : [ "login", "screen" ]
              }, {
                "status" : "info",
                "place" : {
                  "filePath" : "loginTest.gspec",
                  "lineNumber" : 12
                },
                "name" : "centered vertically inside screen",
                "highlight" : [ "login", "screen" ]
              }, {
                "status" : "info",
                "place" : {
                  "filePath" : "loginTest.gspec",
                  "lineNumber" : 13
                },
                "name" : "centered horizontally inside screen",
                "highlight" : [ "login", "screen" ]
              } ]
            } ]
          } ],
          "objects" : {
            "screen" : {
              "area" : [ 0, 0, 601, 610 ]
            },
            "login.input" : {
              "area" : [ 279, 217, 88, 21 ]
            },
            "login" : {
              "area" : [ 180, 183, 241, 244 ]
            },
            "login.password" : {
              "area" : [ 278, 247, 88, 21 ]
            },
            "login.button" : {
              "area" : [ 294, 289, 95, 21 ]
            }
          },
          "screenshot" : "layout-1-screenshot.png",
          "type" : "layout"
        } ],
        "time" : 1541199312842,
        "type" : "node"
      } ],
      "time" : 1541199310167,
      "type" : "node"
    } ]
  }
}