{
  "testId" : "1-studentitest.gspec",
  "name" : "studentiTest.gspec",
  "report" : {
    "nodes" : [ {
      "name" : "Simple check",
      "status" : "info",
      "nodes" : [ {
        "name" : "check  studentiTest.gspec --url http://localhost/studenti.html --size 600x750 --htmlreport loginTestResults",
        "status" : "info",
        "nodes" : [ {
          "name" : "FileNotFoundException: studentiTest.gspec",
          "status" : "error",
          "time" : 1541199769608,
          "stacktrace" : "java.io.FileNotFoundException: studentiTest.gspec\n\tat com.galenframework.speclang2.reader.pagespec.PageSpecReader.read(PageSpecReader.java:49)\n\tat com.galenframework.api.Galen.checkLayout(Galen.java:72)\n\tat com.galenframework.api.Galen.checkLayout(Galen.java:63)\n\tat com.galenframework.suite.actions.GalenPageActionCheck.execute(GalenPageActionCheck.java:54)\n\tat com.galenframework.runner.GalenPageRunner.executeAction(GalenPageRunner.java:84)\n\tat com.galenframework.runner.GalenPageRunner.run(GalenPageRunner.java:76)\n\tat com.galenframework.runner.GalenBasicTestRunner.runTest(GalenBasicTestRunner.java:76)\n\tat com.galenframework.tests.GalenBasicTest.execute(GalenBasicTest.java:55)\n\tat com.galenframework.TestRunnable.runTest(TestRunnable.java:75)\n\tat com.galenframework.TestRunnable.run(TestRunnable.java:101)\n\tat java.base/java.util.concurrent.ThreadPoolExecutor.runWorker(ThreadPoolExecutor.java:1135)\n\tat java.base/java.util.concurrent.ThreadPoolExecutor$Worker.run(ThreadPoolExecutor.java:635)\n\tat java.base/java.lang.Thread.run(Thread.java:844)\n",
          "type" : "node"
        } ],
        "time" : 1541199769591,
        "type" : "node"
      } ],
      "time" : 1541199766578,
      "type" : "node"
    } ]
  }
}