{
  "testId" : "1-studenti.gspec",
  "name" : "studenti.gspec",
  "report" : {
    "nodes" : [ {
      "name" : "Simple check",
      "status" : "info",
      "nodes" : [ {
        "name" : "check  studenti.gspec --url http://localhost/studenti.html --size 1366x768 --htmlreport studentiIzvjestaj",
        "status" : "info",
        "nodes" : [ {
          "name" : "Check layout: studenti.gspec included tags: ",
          "status" : "info",
          "time" : 1541530151800,
          "sections" : [ {
            "name" : "Header section",
            "place" : {
              "filePath" : "studenti.gspec",
              "lineNumber" : 10
            },
            "objects" : [ {
              "name" : "header1",
              "specs" : [ {
                "status" : "info",
                "place" : {
                  "filePath" : "studenti.gspec",
                  "lineNumber" : 12
                },
                "name" : "above side1 0px",
                "highlight" : [ "header1", "side1" ]
              }, {
                "status" : "info",
                "place" : {
                  "filePath" : "studenti.gspec",
                  "lineNumber" : 13
                },
                "name" : "above glavniSadrzaj1 0px",
                "highlight" : [ "header1", "glavniSadrzaj1" ]
              } ]
            }, {
              "name" : "logo1",
              "specs" : [ {
                "status" : "info",
                "place" : {
                  "filePath" : "studenti.gspec",
                  "lineNumber" : 16
                },
                "name" : "inside header1  13px top, 11px left",
                "highlight" : [ "logo1", "header1" ]
              } ]
            }, {
              "name" : "meni1",
              "specs" : [ {
                "status" : "info",
                "place" : {
                  "filePath" : "studenti.gspec",
                  "lineNumber" : 20
                },
                "name" : "inside header1",
                "highlight" : [ "meni1", "header1" ]
              }, {
                "status" : "info",
                "place" : {
                  "filePath" : "studenti.gspec",
                  "lineNumber" : 21
                },
                "name" : "below logo1",
                "highlight" : [ "meni1", "logo1" ]
              } ]
            }, {
              "name" : "naslov",
              "specs" : [ {
                "status" : "info",
                "place" : {
                  "filePath" : "studenti.gspec",
                  "lineNumber" : 24
                },
                "name" : "inside header1",
                "highlight" : [ "naslov", "header1" ]
              } ]
            } ]
          }, {
            "name" : "Footer section",
            "place" : {
              "filePath" : "studenti.gspec",
              "lineNumber" : 32
            },
            "objects" : [ {
              "name" : "footer1",
              "specs" : [ {
                "status" : "info",
                "place" : {
                  "filePath" : "studenti.gspec",
                  "lineNumber" : 34
                },
                "name" : "below side1 0px",
                "highlight" : [ "footer1", "side1" ]
              }, {
                "status" : "info",
                "place" : {
                  "filePath" : "studenti.gspec",
                  "lineNumber" : 35
                },
                "name" : "below glavniSadrzaj1 0px",
                "highlight" : [ "footer1", "glavniSadrzaj1" ]
              } ]
            } ]
          } ],
          "objects" : {
            "glavniSadrzaj1" : {
              "area" : [ 473, 96, 880, 522 ]
            },
            "meni1" : {
              "area" : [ 11, 68, 1332, 18 ]
            },
            "footer1" : {
              "area" : [ 0, 618, 1354, 58 ]
            },
            "naslov" : {
              "area" : [ 1087, 3, 265, 58 ]
            },
            "header1" : {
              "area" : [ 0, 0, 1354, 96 ]
            },
            "logo1" : {
              "area" : [ 11, 13, 1332, 55 ]
            },
            "side1" : {
              "area" : [ 0, 96, 473, 522 ]
            }
          },
          "screenshot" : "layout-1-screenshot.png",
          "type" : "layout"
        } ],
        "time" : 1541530150001,
        "type" : "node"
      } ],
      "time" : 1541530141724,
      "type" : "node"
    } ]
  }
}