{
  "testId" : "1-zadacitest.gspec",
  "name" : "zadacitest.gspec",
  "report" : {
    "nodes" : [ {
      "name" : "Simple check",
      "status" : "info",
      "nodes" : [ {
        "name" : "check  zadacitest.gspec --url http://127.0.0.1:5500/zadaci.html --size 580x400 --htmlreport zadacitest600",
        "status" : "info",
        "nodes" : [ {
          "name" : "Check layout: zadacitest.gspec included tags: ",
          "status" : "info",
          "time" : 1541531602998,
          "sections" : [ {
            "name" : "main section",
            "place" : {
              "filePath" : "zadacitest.gspec",
              "lineNumber" : 14
            },
            "objects" : [ {
              "name" : "header",
              "specs" : [ {
                "status" : "info",
                "place" : {
                  "filePath" : "zadacitest.gspec",
                  "lineNumber" : 16
                },
                "name" : "above footer",
                "meta" : [ {
                  "from" : {
                    "object" : "header",
                    "edge" : "bottom"
                  },
                  "to" : {
                    "object" : "footer",
                    "edge" : "top"
                  },
                  "expectedDistance" : ">= 0px",
                  "realDistance" : "894px"
                } ],
                "highlight" : [ "header", "footer" ]
              }, {
                "status" : "info",
                "place" : {
                  "filePath" : "zadacitest.gspec",
                  "lineNumber" : 17
                },
                "name" : "contains logo",
                "highlight" : [ "header", "logo" ]
              }, {
                "status" : "info",
                "place" : {
                  "filePath" : "zadacitest.gspec",
                  "lineNumber" : 18
                },
                "name" : "contains naslov",
                "highlight" : [ "header", "naslov" ]
              }, {
                "status" : "info",
                "place" : {
                  "filePath" : "zadacitest.gspec",
                  "lineNumber" : 19
                },
                "name" : "contains meni",
                "highlight" : [ "header", "meni" ]
              } ]
            }, {
              "name" : "meni",
              "specs" : [ {
                "status" : "info",
                "place" : {
                  "filePath" : "zadacitest.gspec",
                  "lineNumber" : 23
                },
                "name" : "above naslov >= -1px",
                "meta" : [ {
                  "from" : {
                    "object" : "meni",
                    "edge" : "bottom"
                  },
                  "to" : {
                    "object" : "naslov",
                    "edge" : "top"
                  },
                  "expectedDistance" : ">= -1px",
                  "realDistance" : "1px"
                } ],
                "highlight" : [ "meni", "naslov" ]
              } ]
            }, {
              "name" : "cetvrtina",
              "specs" : [ {
                "status" : "info",
                "place" : {
                  "filePath" : "zadacitest.gspec",
                  "lineNumber" : 26
                },
                "name" : "above polovina >= -1px",
                "meta" : [ {
                  "from" : {
                    "object" : "cetvrtina",
                    "edge" : "bottom"
                  },
                  "to" : {
                    "object" : "polovina",
                    "edge" : "top"
                  },
                  "expectedDistance" : ">= -1px",
                  "realDistance" : "-1px"
                } ],
                "highlight" : [ "cetvrtina", "polovina" ]
              } ]
            }, {
              "name" : "godina",
              "specs" : [ {
                "status" : "info",
                "place" : {
                  "filePath" : "zadacitest.gspec",
                  "lineNumber" : 36
                },
                "name" : "inside cetvrtina",
                "meta" : [ ],
                "highlight" : [ "godina", "cetvrtina" ]
              } ]
            }, {
              "name" : "folder",
              "specs" : [ {
                "status" : "info",
                "place" : {
                  "filePath" : "zadacitest.gspec",
                  "lineNumber" : 39
                },
                "name" : "inside polovina",
                "meta" : [ ],
                "highlight" : [ "folder", "polovina" ]
              } ]
            }, {
              "name" : "item",
              "specs" : [ {
                "status" : "info",
                "place" : {
                  "filePath" : "zadacitest.gspec",
                  "lineNumber" : 42
                },
                "name" : "inside folder",
                "meta" : [ ],
                "highlight" : [ "item", "folder" ]
              } ]
            } ]
          } ],
          "objects" : {
            "meni" : {
              "area" : [ 0, 84, 553, 44 ]
            },
            "naslov" : {
              "area" : [ 306, 129, 231, 37 ]
            },
            "item" : {
              "area" : [ 28, 773, 67, 58 ]
            },
            "folder" : {
              "area" : [ 18, 747, 519, 172 ]
            },
            "footer" : {
              "area" : [ 0, 1065, 553, 28 ]
            },
            "header" : {
              "area" : [ 0, 0, 553, 171 ]
            },
            "logo" : {
              "area" : [ 2, 2, 76, 77 ]
            },
            "polovina" : {
              "area" : [ 0, 728, 557, 336 ]
            },
            "godina" : {
              "area" : [ 29, 265, 218, 352 ]
            },
            "cetvrtina" : {
              "area" : [ 0, 171, 277, 558 ]
            }
          },
          "screenshot" : "layout-1-screenshot.png",
          "type" : "layout"
        } ],
        "time" : 1541531601696,
        "type" : "node"
      } ],
      "time" : 1541531597682,
      "type" : "node"
    } ]
  }
}