{
  "testId" : "1-addzadataktest600px.gspec",
  "name" : "addZadatakTest600px.gspec",
  "report" : {
    "nodes" : [ {
      "name" : "Simple check",
      "status" : "info",
      "nodes" : [ {
        "name" : "check  addZadatakTest600px.gspec --url http://localhost/addZadatak.html --size 599x720 --htmlreport addZadatak600pxTestResults",
        "status" : "info",
        "nodes" : [ {
          "name" : "Check layout: addZadatakTest600px.gspec included tags: ",
          "status" : "info",
          "time" : 1541444314513,
          "sections" : [ {
            "name" : "Meni section",
            "objects" : [ {
              "name" : "header",
              "specs" : [ {
                "status" : "info",
                "place" : {
                  "filePath" : "addZadatakTest600px.gspec",
                  "lineNumber" : 11
                },
                "name" : "contains partly meni, logo, naziv",
                "highlight" : [ "header", "meni", "logo", "naziv" ]
              } ]
            }, {
              "name" : "glavniSadrzaj",
              "specs" : [ {
                "status" : "info",
                "place" : {
                  "filePath" : "addZadatakTest600px.gspec",
                  "lineNumber" : 13
                },
                "name" : "above footer 1px",
                "highlight" : [ "glavniSadrzaj", "footer" ]
              }, {
                "status" : "info",
                "place" : {
                  "filePath" : "addZadatakTest600px.gspec",
                  "lineNumber" : 14
                },
                "name" : "width 100% of screen/width",
                "highlight" : [ "glavniSadrzaj" ]
              } ]
            }, {
              "name" : "footer",
              "specs" : [ {
                "status" : "info",
                "place" : {
                  "filePath" : "addZadatakTest600px.gspec",
                  "lineNumber" : 16
                },
                "name" : "text contains \"Web tehnologije 2018/19\"",
                "highlight" : [ "footer" ]
              } ]
            }, {
              "name" : "logo",
              "specs" : [ {
                "status" : "info",
                "place" : {
                  "filePath" : "addZadatakTest600px.gspec",
                  "lineNumber" : 19
                },
                "name" : "inside header 0px top left",
                "highlight" : [ "logo", "header" ]
              } ]
            }, {
              "name" : "forma",
              "specs" : [ {
                "status" : "info",
                "place" : {
                  "filePath" : "addZadatakTest600px.gspec",
                  "lineNumber" : 21
                },
                "name" : "inside glavniSadrzaj",
                "highlight" : [ "forma", "glavniSadrzaj" ]
              } ]
            } ]
          } ],
          "objects" : {
            "meni" : {
              "area" : [ 0, 69, 576, 50 ]
            },
            "glavniSadrzaj" : {
              "area" : [ 0, 151, 576, 488 ]
            },
            "footer" : {
              "area" : [ 0, 640, 576, 59 ]
            },
            "naziv" : {
              "area" : [ 0, 119, 582, 33 ]
            },
            "header" : {
              "area" : [ 0, 0, 576, 152 ]
            },
            "logo" : {
              "area" : [ 0, 0, 80, 52 ]
            },
            "forma" : {
              "area" : [ 14, 169, 548, 321 ]
            }
          },
          "screenshot" : "layout-1-screenshot.png",
          "type" : "layout"
        } ],
        "time" : 1541444313165,
        "type" : "node"
      } ],
      "time" : 1541444310476,
      "type" : "node"
    } ]
  }
}