{
  "testId" : "1-studentitest600px.gspec",
  "name" : "studentiTest600px.gspec",
  "report" : {
    "nodes" : [ {
      "name" : "Simple check",
      "status" : "info",
      "nodes" : [ {
        "name" : "check  studentiTest600px.gspec --url http://localhost/studenti.html --size 599x720 --htmlreport studentiTest600pxResult",
        "status" : "info",
        "nodes" : [ {
          "name" : "Check layout: studentiTest600px.gspec included tags: ",
          "status" : "info",
          "time" : 1541437950403,
          "sections" : [ {
            "name" : "Meni section",
            "objects" : [ {
              "name" : "header",
              "specs" : [ {
                "status" : "info",
                "place" : {
                  "filePath" : "studentiTest600px.gspec",
                  "lineNumber" : 13
                },
                "name" : "contains partly meni, logo, naziv",
                "highlight" : [ "header", "meni", "logo", "naziv" ]
              }, {
                "status" : "info",
                "place" : {
                  "filePath" : "studentiTest600px.gspec",
                  "lineNumber" : 20
                },
                "name" : "above side  -1px",
                "highlight" : [ "header", "side" ]
              } ]
            }, {
              "name" : "glavniSadrzaj",
              "specs" : [ {
                "status" : "info",
                "place" : {
                  "filePath" : "studentiTest600px.gspec",
                  "lineNumber" : 15
                },
                "name" : "above footer 1px",
                "highlight" : [ "glavniSadrzaj", "footer" ]
              } ]
            }, {
              "name" : "footer",
              "specs" : [ {
                "status" : "info",
                "place" : {
                  "filePath" : "studentiTest600px.gspec",
                  "lineNumber" : 18
                },
                "name" : "text contains \"Web tehnologije 2018/19\"",
                "highlight" : [ "footer" ]
              } ]
            }, {
              "name" : "side",
              "specs" : [ {
                "status" : "info",
                "place" : {
                  "filePath" : "studentiTest600px.gspec",
                  "lineNumber" : 22
                },
                "name" : "above glavniSadrzaj",
                "highlight" : [ "side", "glavniSadrzaj" ]
              } ]
            }, {
              "name" : "tabela",
              "specs" : [ {
                "status" : "info",
                "place" : {
                  "filePath" : "studentiTest600px.gspec",
                  "lineNumber" : 24
                },
                "name" : "inside glavniSadrzaj",
                "highlight" : [ "tabela", "glavniSadrzaj" ]
              } ]
            }, {
              "name" : "logo",
              "specs" : [ {
                "status" : "info",
                "place" : {
                  "filePath" : "studentiTest600px.gspec",
                  "lineNumber" : 26
                },
                "name" : "inside header 0px top left",
                "highlight" : [ "logo", "header" ]
              } ]
            } ]
          } ],
          "objects" : {
            "meni" : {
              "area" : [ 0, 69, 576, 50 ]
            },
            "side" : {
              "area" : [ 0, 151, 576, 215 ]
            },
            "glavniSadrzaj" : {
              "area" : [ 0, 366, 576, 250 ]
            },
            "tabela" : {
              "area" : [ 17, 384, 520, 216 ]
            },
            "footer" : {
              "area" : [ 0, 617, 576, 59 ]
            },
            "naziv" : {
              "area" : [ 0, 119, 582, 33 ]
            },
            "header" : {
              "area" : [ 0, 0, 576, 152 ]
            },
            "logo" : {
              "area" : [ 0, 0, 80, 52 ]
            }
          },
          "screenshot" : "layout-1-screenshot.png",
          "type" : "layout"
        } ],
        "time" : 1541437949126,
        "type" : "node"
      } ],
      "time" : 1541437946441,
      "type" : "node"
    } ]
  }
}