{
  "testId" : "1-addzadataktest.gspec",
  "name" : "addZadatakTest.gspec",
  "report" : {
    "nodes" : [ {
      "name" : "Simple check",
      "status" : "info",
      "nodes" : [ {
        "name" : "check  addZadatakTest.gspec --url http://localhost/addZadatak.html --size 1200x920 --htmlreport addZadatakTestResults",
        "status" : "info",
        "nodes" : [ {
          "name" : "Check layout: addZadatakTest.gspec included tags: ",
          "status" : "info",
          "time" : 1541444132706,
          "sections" : [ {
            "name" : "Meni section",
            "objects" : [ {
              "name" : "header",
              "specs" : [ {
                "status" : "info",
                "place" : {
                  "filePath" : "addZadatakTest.gspec",
                  "lineNumber" : 11
                },
                "name" : "contains meni, logo, naziv",
                "highlight" : [ "header", "meni", "logo", "naziv" ]
              } ]
            }, {
              "name" : "glavniSadrzaj",
              "specs" : [ {
                "status" : "info",
                "place" : {
                  "filePath" : "addZadatakTest.gspec",
                  "lineNumber" : 13
                },
                "name" : "above footer 0px",
                "highlight" : [ "glavniSadrzaj", "footer" ]
              }, {
                "status" : "info",
                "place" : {
                  "filePath" : "addZadatakTest.gspec",
                  "lineNumber" : 14
                },
                "name" : "width 85% of screen/width",
                "highlight" : [ "glavniSadrzaj" ]
              } ]
            }, {
              "name" : "footer",
              "specs" : [ {
                "status" : "info",
                "place" : {
                  "filePath" : "addZadatakTest.gspec",
                  "lineNumber" : 16
                },
                "name" : "text contains \"Web tehnologije 2018/19\"",
                "highlight" : [ "footer" ]
              } ]
            }, {
              "name" : "logo",
              "specs" : [ {
                "status" : "info",
                "place" : {
                  "filePath" : "addZadatakTest.gspec",
                  "lineNumber" : 19
                },
                "name" : "inside header 0px top left",
                "highlight" : [ "logo", "header" ]
              } ]
            }, {
              "name" : "forma",
              "specs" : [ {
                "status" : "info",
                "place" : {
                  "filePath" : "addZadatakTest.gspec",
                  "lineNumber" : 21
                },
                "name" : "inside glavniSadrzaj",
                "highlight" : [ "forma", "glavniSadrzaj" ]
              } ]
            } ]
          } ],
          "objects" : {
            "meni" : {
              "area" : [ 80, 35, 604, 50 ]
            },
            "glavniSadrzaj" : {
              "area" : [ 88, 91, 1001, 645 ]
            },
            "footer" : {
              "area" : [ 0, 736, 1177, 18 ]
            },
            "naziv" : {
              "area" : [ 1002, 0, 175, 37 ]
            },
            "header" : {
              "area" : [ 0, 0, 1177, 92 ]
            },
            "logo" : {
              "area" : [ 0, 0, 80, 52 ]
            },
            "forma" : {
              "area" : [ 288, 126, 600, 321 ]
            }
          },
          "screenshot" : "layout-1-screenshot.png",
          "type" : "layout"
        } ],
        "time" : 1541444131215,
        "type" : "node"
      } ],
      "time" : 1541444128565,
      "type" : "node"
    } ]
  }
}