{
  "testId" : "1-testaddvjezba.gspec",
  "name" : "testAddVjezba.gspec",
  "report" : {
    "nodes" : [ {
      "name" : "Simple check",
      "status" : "info",
      "nodes" : [ {
        "name" : "check  testAddVjezba.gspec --url file:///C:/Users/adem/Desktop/nginx-1.15.5/html/Marelica/addVjezba.html --size 1024x768 --htmlreport izvjestajAddVjezba",
        "status" : "info",
        "nodes" : [ {
          "name" : "Check layout: testAddVjezba.gspec included tags: ",
          "status" : "info",
          "time" : 1541344310530,
          "sections" : [ {
            "name" : "glavniSadrzaj",
            "place" : {
              "filePath" : "testAddVjezba.gspec",
              "lineNumber" : 8
            },
            "objects" : [ {
              "name" : "glavniSadrzaj",
              "specs" : [ {
                "status" : "info",
                "place" : {
                  "filePath" : "testAddVjezba.gspec",
                  "lineNumber" : 10
                },
                "name" : "width 85 % of screen/width",
                "highlight" : [ "glavniSadrzaj" ]
              }, {
                "status" : "info",
                "place" : {
                  "filePath" : "testAddVjezba.gspec",
                  "lineNumber" : 11
                },
                "name" : "aligned horizontally all div",
                "highlight" : [ "glavniSadrzaj", "div" ]
              } ]
            } ]
          }, {
            "name" : "logo",
            "place" : {
              "filePath" : "testAddVjezba.gspec",
              "lineNumber" : 12
            },
            "objects" : [ {
              "name" : "logo",
              "specs" : [ {
                "status" : "info",
                "place" : {
                  "filePath" : "testAddVjezba.gspec",
                  "lineNumber" : 14
                },
                "name" : "inside header",
                "highlight" : [ "logo", "header" ]
              } ]
            } ]
          }, {
            "name" : "meni",
            "place" : {
              "filePath" : "testAddVjezba.gspec",
              "lineNumber" : 16
            },
            "objects" : [ {
              "name" : "meni",
              "specs" : [ {
                "status" : "info",
                "place" : {
                  "filePath" : "testAddVjezba.gspec",
                  "lineNumber" : 18
                },
                "name" : "inside header",
                "highlight" : [ "meni", "header" ]
              } ]
            } ]
          } ],
          "objects" : {
            "div" : {
              "area" : [ 0, 108, 991, 721 ]
            },
            "meni" : {
              "area" : [ 0, 80, 991, 18 ]
            },
            "glavniSadrzaj" : {
              "area" : [ 74, 108, 843, 721 ]
            },
            "logo" : {
              "area" : [ 0, 0, 160, 80 ]
            },
            "header" : {
              "area" : [ 0, 0, 991, 108 ]
            }
          },
          "screenshot" : "layout-1-screenshot.png",
          "type" : "layout"
        } ],
        "time" : 1541344308981,
        "type" : "node"
      } ],
      "time" : 1541344303878,
      "type" : "node"
    } ]
  }
}