{
  "testId" : "1-testzaaddvjezba.gspec",
  "name" : "testZaAddVjezba.gspec",
  "report" : {
    "nodes" : [ {
      "name" : "Simple check",
      "status" : "info",
      "nodes" : [ {
        "name" : "check  testZaAddVjezba.gspec --url http://localhost/addVjezba.html --size 1024x768 --htmlreport izvjestajZaAddVjezba",
        "status" : "info",
        "nodes" : [ {
          "name" : "Check layout: testZaAddVjezba.gspec included tags: ",
          "status" : "info",
          "time" : 1541455376794,
          "sections" : [ {
            "name" : "Header section",
            "place" : {
              "filePath" : "testZaAddVjezba.gspec",
              "lineNumber" : 12
            },
            "objects" : [ {
              "name" : "header",
              "specs" : [ {
                "status" : "info",
                "place" : {
                  "filePath" : "testZaAddVjezba.gspec",
                  "lineNumber" : 14
                },
                "name" : "width ~100% of screen/width",
                "highlight" : [ "header" ]
              } ]
            }, {
              "name" : "logo",
              "specs" : [ {
                "status" : "info",
                "place" : {
                  "filePath" : "testZaAddVjezba.gspec",
                  "lineNumber" : 16
                },
                "name" : "above meni",
                "highlight" : [ "logo", "meni" ]
              }, {
                "status" : "info",
                "place" : {
                  "filePath" : "testZaAddVjezba.gspec",
                  "lineNumber" : 17
                },
                "name" : "inside header",
                "highlight" : [ "logo", "header" ]
              } ]
            }, {
              "name" : "meni",
              "specs" : [ {
                "status" : "info",
                "place" : {
                  "filePath" : "testZaAddVjezba.gspec",
                  "lineNumber" : 19
                },
                "name" : "below logo",
                "highlight" : [ "meni", "logo" ]
              }, {
                "status" : "info",
                "place" : {
                  "filePath" : "testZaAddVjezba.gspec",
                  "lineNumber" : 20
                },
                "name" : "inside header",
                "highlight" : [ "meni", "header" ]
              } ]
            } ]
          }, {
            "name" : "Main section",
            "place" : {
              "filePath" : "testZaAddVjezba.gspec",
              "lineNumber" : 21
            },
            "objects" : [ {
              "name" : "glavniSadrzaj",
              "specs" : [ {
                "status" : "info",
                "place" : {
                  "filePath" : "testZaAddVjezba.gspec",
                  "lineNumber" : 23
                },
                "name" : "width ~85% of screen/width",
                "highlight" : [ "glavniSadrzaj" ]
              } ]
            }, {
              "name" : "fPostojeca",
              "specs" : [ {
                "status" : "info",
                "place" : {
                  "filePath" : "testZaAddVjezba.gspec",
                  "lineNumber" : 25
                },
                "name" : "inside glavniSadrzaj",
                "highlight" : [ "fPostojeca", "glavniSadrzaj" ]
              }, {
                "status" : "info",
                "place" : {
                  "filePath" : "testZaAddVjezba.gspec",
                  "lineNumber" : 26
                },
                "name" : "contains select",
                "highlight" : [ "fPostojeca", "select" ]
              }, {
                "status" : "info",
                "place" : {
                  "filePath" : "testZaAddVjezba.gspec",
                  "lineNumber" : 27
                },
                "name" : "contains select2",
                "highlight" : [ "fPostojeca", "select2" ]
              } ]
            }, {
              "name" : "fNova",
              "specs" : [ {
                "status" : "info",
                "place" : {
                  "filePath" : "testZaAddVjezba.gspec",
                  "lineNumber" : 29
                },
                "name" : "inside glavniSadrzaj",
                "highlight" : [ "fNova", "glavniSadrzaj" ]
              }, {
                "status" : "info",
                "place" : {
                  "filePath" : "testZaAddVjezba.gspec",
                  "lineNumber" : 30
                },
                "name" : "contains vjezba",
                "highlight" : [ "fNova", "vjezba" ]
              } ]
            }, {
              "name" : "footer",
              "specs" : [ {
                "status" : "info",
                "place" : {
                  "filePath" : "testZaAddVjezba.gspec",
                  "lineNumber" : 35
                },
                "name" : "width ~100% of screen/width",
                "highlight" : [ "footer" ]
              } ]
            } ]
          } ],
          "objects" : {
            "meni" : {
              "area" : [ 0, 58, 995, 21 ]
            },
            "fNova" : {
              "area" : [ 286, 406, 422, 356 ]
            },
            "select2" : {
              "area" : [ 341, 280, 211, 20 ]
            },
            "glavniSadrzaj" : {
              "area" : [ 74, 90, 845, 699 ]
            },
            "select" : {
              "area" : [ 341, 220, 211, 20 ]
            },
            "footer" : {
              "area" : [ 0, 789, 995, 40 ]
            },
            "fPostojeca" : {
              "area" : [ 286, 143, 422, 244 ]
            },
            "header" : {
              "area" : [ 0, 0, 995, 90 ]
            },
            "logo" : {
              "area" : [ 10, 6, 53, 40 ]
            },
            "vjezba" : {
              "area" : [ 341, 482, 217, 22 ]
            }
          },
          "screenshot" : "layout-1-screenshot.png",
          "type" : "layout"
        } ],
        "time" : 1541455375071,
        "type" : "node"
      } ],
      "time" : 1541455366889,
      "type" : "node"
    } ]
  }
}