{
  "testId" : "1-testzaaddstudent.gspec",
  "name" : "testZaAddStudent.gspec",
  "report" : {
    "nodes" : [ {
      "name" : "Simple check",
      "status" : "info",
      "nodes" : [ {
        "name" : "check  testZaAddStudent.gspec --url http://localhost/addStudent.html --size 1024x768 --htmlreport izvjestajZaAddVjezba",
        "status" : "info",
        "nodes" : [ {
          "name" : "Check layout: testZaAddStudent.gspec included tags: ",
          "status" : "info",
          "time" : 1541452918002,
          "sections" : [ {
            "name" : "Header section",
            "place" : {
              "filePath" : "testZaAddStudent.gspec",
              "lineNumber" : 13
            },
            "objects" : [ {
              "name" : "header",
              "specs" : [ {
                "status" : "info",
                "place" : {
                  "filePath" : "testZaAddStudent.gspec",
                  "lineNumber" : 15
                },
                "name" : "width ~100% of screen/width",
                "highlight" : [ "header" ]
              }, {
                "status" : "info",
                "place" : {
                  "filePath" : "testZaAddStudent.gspec",
                  "lineNumber" : 16
                },
                "name" : "contains logo",
                "highlight" : [ "header", "logo" ]
              }, {
                "status" : "info",
                "place" : {
                  "filePath" : "testZaAddStudent.gspec",
                  "lineNumber" : 17
                },
                "name" : "contains meni",
                "highlight" : [ "header", "meni" ]
              } ]
            } ]
          }, {
            "name" : "Main section",
            "place" : {
              "filePath" : "testZaAddStudent.gspec",
              "lineNumber" : 18
            },
            "objects" : [ {
              "name" : "glavniSadrzaj",
              "specs" : [ {
                "status" : "info",
                "place" : {
                  "filePath" : "testZaAddStudent.gspec",
                  "lineNumber" : 20
                },
                "name" : "width ~85% of screen/width",
                "highlight" : [ "glavniSadrzaj" ]
              }, {
                "status" : "info",
                "place" : {
                  "filePath" : "testZaAddStudent.gspec",
                  "lineNumber" : 21
                },
                "name" : "contains fPojedinacni",
                "highlight" : [ "glavniSadrzaj", "fPojedinacni" ]
              }, {
                "status" : "info",
                "place" : {
                  "filePath" : "testZaAddStudent.gspec",
                  "lineNumber" : 22
                },
                "name" : "contains fMasovni",
                "highlight" : [ "glavniSadrzaj", "fMasovni" ]
              } ]
            }, {
              "name" : "fPojedinacni",
              "specs" : [ {
                "status" : "info",
                "place" : {
                  "filePath" : "testZaAddStudent.gspec",
                  "lineNumber" : 24
                },
                "name" : "contains ime",
                "highlight" : [ "fPojedinacni", "ime" ]
              }, {
                "status" : "info",
                "place" : {
                  "filePath" : "testZaAddStudent.gspec",
                  "lineNumber" : 25
                },
                "name" : "contains index",
                "highlight" : [ "fPojedinacni", "index" ]
              }, {
                "status" : "info",
                "place" : {
                  "filePath" : "testZaAddStudent.gspec",
                  "lineNumber" : 26
                },
                "name" : "contains email",
                "highlight" : [ "fPojedinacni", "email" ]
              }, {
                "status" : "info",
                "place" : {
                  "filePath" : "testZaAddStudent.gspec",
                  "lineNumber" : 27
                },
                "name" : "contains select",
                "highlight" : [ "fPojedinacni", "select" ]
              } ]
            }, {
              "name" : "index",
              "specs" : [ {
                "status" : "info",
                "place" : {
                  "filePath" : "testZaAddStudent.gspec",
                  "lineNumber" : 29
                },
                "name" : "below ime",
                "highlight" : [ "index", "ime" ]
              } ]
            } ]
          } ],
          "objects" : {
            "meni" : {
              "area" : [ 0, 58, 995, 21 ]
            },
            "ime" : {
              "area" : [ 341, 249, 217, 22 ]
            },
            "glavniSadrzaj" : {
              "area" : [ 74, 90, 845, 628 ]
            },
            "select" : {
              "area" : [ 341, 193, 211, 20 ]
            },
            "header" : {
              "area" : [ 0, 0, 995, 90 ]
            },
            "logo" : {
              "area" : [ 10, 6, 53, 40 ]
            },
            "index" : {
              "area" : [ 341, 308, 217, 22 ]
            },
            "fPojedinacni" : {
              "area" : [ 286, 118, 422, 323 ]
            },
            "fMasovni" : {
              "area" : [ 286, 460, 422, 221 ]
            },
            "email" : {
              "area" : [ 341, 367, 217, 22 ]
            }
          },
          "screenshot" : "layout-1-screenshot.png",
          "type" : "layout"
        } ],
        "time" : 1541452916441,
        "type" : "node"
      } ],
      "time" : 1541452910195,
      "type" : "node"
    } ]
  }
}