{
  "testId" : "1-zadaci.gspec",
  "name" : "zadaci.gspec",
  "report" : {
    "nodes" : [ {
      "name" : "Simple check",
      "status" : "info",
      "nodes" : [ {
        "name" : "check  zadaci.gspec --url http://localhost/zadaci.html --size 1366x768 --htmlreport zadaciIzvjestaj",
        "status" : "info",
        "nodes" : [ {
          "name" : "Check layout: zadaci.gspec included tags: ",
          "status" : "info",
          "time" : 1541531351231,
          "sections" : [ {
            "name" : "Header section",
            "place" : {
              "filePath" : "zadaci.gspec",
              "lineNumber" : 13
            },
            "objects" : [ {
              "name" : "header1",
              "specs" : [ {
                "status" : "info",
                "place" : {
                  "filePath" : "zadaci.gspec",
                  "lineNumber" : 15
                },
                "name" : "above cetvrtina1 0px",
                "highlight" : [ "header1", "cetvrtina1" ]
              }, {
                "status" : "info",
                "place" : {
                  "filePath" : "zadaci.gspec",
                  "lineNumber" : 16
                },
                "name" : "above cetvrtina2 0px",
                "highlight" : [ "header1", "cetvrtina2" ]
              } ]
            }, {
              "name" : "logo1",
              "specs" : [ {
                "status" : "info",
                "place" : {
                  "filePath" : "zadaci.gspec",
                  "lineNumber" : 20
                },
                "name" : "inside header1  13px top, 11px left",
                "highlight" : [ "logo1", "header1" ]
              } ]
            }, {
              "name" : "meni1",
              "specs" : [ {
                "status" : "info",
                "place" : {
                  "filePath" : "zadaci.gspec",
                  "lineNumber" : 24
                },
                "name" : "inside header1",
                "highlight" : [ "meni1", "header1" ]
              }, {
                "status" : "info",
                "place" : {
                  "filePath" : "zadaci.gspec",
                  "lineNumber" : 25
                },
                "name" : "below logo1",
                "highlight" : [ "meni1", "logo1" ]
              } ]
            } ]
          }, {
            "name" : "Footer section",
            "place" : {
              "filePath" : "zadaci.gspec",
              "lineNumber" : 36
            },
            "objects" : [ {
              "name" : "footer1",
              "specs" : [ {
                "status" : "info",
                "place" : {
                  "filePath" : "zadaci.gspec",
                  "lineNumber" : 38
                },
                "name" : "below cetvrtina1 0px",
                "highlight" : [ "footer1", "cetvrtina1" ]
              }, {
                "status" : "info",
                "place" : {
                  "filePath" : "zadaci.gspec",
                  "lineNumber" : 39
                },
                "name" : "below cetvrtina2 0px",
                "highlight" : [ "footer1", "cetvrtina2" ]
              } ]
            } ]
          } ],
          "objects" : {
            "cetvrtina1" : {
              "area" : [ 0, 99, 334, 687 ]
            },
            "meni1" : {
              "area" : [ 11, 68, 1315, 18 ]
            },
            "footer1" : {
              "area" : [ 0, 786, 1337, 58 ]
            },
            "header1" : {
              "area" : [ 0, 0, 1337, 99 ]
            },
            "logo1" : {
              "area" : [ 11, 13, 1315, 55 ]
            },
            "cetvrtina2" : {
              "area" : [ 334, 99, 334, 687 ]
            }
          },
          "screenshot" : "layout-1-screenshot.png",
          "type" : "layout"
        } ],
        "time" : 1541531349230,
        "type" : "node"
      } ],
      "time" : 1541531342789,
      "type" : "node"
    } ]
  }
}