{
  "testId" : "1-addvjezbatest.gspec",
  "name" : "addVjezbaTest.gspec",
  "report" : {
    "nodes" : [ {
      "name" : "Simple check",
      "status" : "info",
      "nodes" : [ {
        "name" : "check  addVjezbaTest.gspec --url http://localhost/addVjezba.html --size 1600x900 --htmlreport testovi/addVjezba",
        "status" : "info",
        "nodes" : [ {
          "name" : "Check layout: addVjezbaTest.gspec included tags: ",
          "status" : "info",
          "time" : 1541536620816,
          "sections" : [ {
            "name" : "Meni section",
            "place" : {
              "filePath" : "addVjezbaTest.gspec",
              "lineNumber" : 8
            },
            "objects" : [ {
              "name" : "meni",
              "specs" : [ {
                "status" : "info",
                "place" : {
                  "filePath" : "addVjezbaTest.gspec",
                  "lineNumber" : 10
                },
                "name" : "above glavniSadrzaj 0px",
                "highlight" : [ "meni", "glavniSadrzaj" ]
              } ]
            }, {
              "name" : "footer",
              "specs" : [ {
                "status" : "info",
                "place" : {
                  "filePath" : "addVjezbaTest.gspec",
                  "lineNumber" : 13
                },
                "name" : "below glavniSadrzaj 0px",
                "highlight" : [ "footer", "glavniSadrzaj" ]
              } ]
            } ]
          }, {
            "name" : "Main section",
            "place" : {
              "filePath" : "addVjezbaTest.gspec",
              "lineNumber" : 15
            },
            "objects" : [ {
              "name" : "postojeca",
              "specs" : [ {
                "status" : "info",
                "place" : {
                  "filePath" : "addVjezbaTest.gspec",
                  "lineNumber" : 17
                },
                "name" : "below meni",
                "highlight" : [ "postojeca", "meni" ]
              }, {
                "status" : "info",
                "place" : {
                  "filePath" : "addVjezbaTest.gspec",
                  "lineNumber" : 18
                },
                "name" : "above nova",
                "highlight" : [ "postojeca", "nova" ]
              } ]
            }, {
              "name" : "nova",
              "specs" : [ {
                "status" : "info",
                "place" : {
                  "filePath" : "addVjezbaTest.gspec",
                  "lineNumber" : 21
                },
                "name" : "above footer",
                "highlight" : [ "nova", "footer" ]
              } ]
            } ]
          } ],
          "objects" : {
            "meni" : {
              "area" : [ 0, 0, 1521, 145 ]
            },
            "glavniSadrzaj" : {
              "area" : [ 114, 145, 1292, 920 ]
            },
            "footer" : {
              "area" : [ 0, 1065, 1531, 50 ]
            },
            "postojeca" : {
              "area" : [ 525, 175, 469, 402 ]
            },
            "nova" : {
              "area" : [ 584, 623, 352, 426 ]
            }
          },
          "screenshot" : "layout-1-screenshot.png",
          "type" : "layout"
        } ],
        "time" : 1541536619281,
        "type" : "node"
      } ],
      "time" : 1541536616152,
      "type" : "node"
    } ]
  }
}