{
  "testId" : "1-zadacitest.gspec",
  "name" : "zadaciTest.gspec",
  "report" : {
    "nodes" : [ {
      "name" : "Simple check",
      "status" : "info",
      "nodes" : [ {
        "name" : "check  zadaciTest.gspec --url http://localhost/zadaci.html --size 1200x920 --htmlreport zadaciTestResult",
        "status" : "info",
        "nodes" : [ {
          "name" : "Check layout: zadaciTest.gspec included tags: ",
          "status" : "info",
          "time" : 1541443271638,
          "sections" : [ {
            "name" : "Meni section",
            "objects" : [ {
              "name" : "header",
              "specs" : [ {
                "status" : "info",
                "place" : {
                  "filePath" : "zadaciTest.gspec",
                  "lineNumber" : 16
                },
                "name" : "contains meni, logo, naziv",
                "highlight" : [ "header", "meni", "logo", "naziv" ]
              }, {
                "status" : "info",
                "place" : {
                  "filePath" : "zadaciTest.gspec",
                  "lineNumber" : 25
                },
                "name" : "above cetvrtina -1px",
                "highlight" : [ "header", "cetvrtina" ]
              }, {
                "status" : "info",
                "place" : {
                  "filePath" : "zadaciTest.gspec",
                  "lineNumber" : 26
                },
                "name" : "above polovina -1px",
                "highlight" : [ "header", "polovina" ]
              } ]
            }, {
              "name" : "cetvrtina",
              "specs" : [ {
                "status" : "info",
                "place" : {
                  "filePath" : "zadaciTest.gspec",
                  "lineNumber" : 18
                },
                "name" : "width 24 % of screen/width",
                "highlight" : [ "cetvrtina" ]
              } ]
            }, {
              "name" : "polovina",
              "specs" : [ {
                "status" : "info",
                "place" : {
                  "filePath" : "zadaciTest.gspec",
                  "lineNumber" : 20
                },
                "name" : "above footer 0px",
                "highlight" : [ "polovina", "footer" ]
              }, {
                "status" : "info",
                "place" : {
                  "filePath" : "zadaciTest.gspec",
                  "lineNumber" : 21
                },
                "name" : "width 49 % of screen/width",
                "highlight" : [ "polovina" ]
              } ]
            }, {
              "name" : "footer",
              "specs" : [ {
                "status" : "info",
                "place" : {
                  "filePath" : "zadaciTest.gspec",
                  "lineNumber" : 23
                },
                "name" : "text contains \"Web tehnologije 2018/19\"",
                "highlight" : [ "footer" ]
              } ]
            }, {
              "name" : "logo",
              "specs" : [ {
                "status" : "info",
                "place" : {
                  "filePath" : "zadaciTest.gspec",
                  "lineNumber" : 28
                },
                "name" : "inside header 0px top left",
                "highlight" : [ "logo", "header" ]
              } ]
            }, {
              "name" : "godina",
              "specs" : [ {
                "status" : "info",
                "place" : {
                  "filePath" : "zadaciTest.gspec",
                  "lineNumber" : 30
                },
                "name" : "inside cetvrtina",
                "highlight" : [ "godina", "cetvrtina" ]
              } ]
            }, {
              "name" : "imena",
              "specs" : [ {
                "status" : "info",
                "place" : {
                  "filePath" : "zadaciTest.gspec",
                  "lineNumber" : 32
                },
                "name" : "inside partly cetvrtina",
                "highlight" : [ "imena", "cetvrtina" ]
              } ]
            }, {
              "name" : "folder",
              "specs" : [ {
                "status" : "info",
                "place" : {
                  "filePath" : "zadaciTest.gspec",
                  "lineNumber" : 34
                },
                "name" : "inside polovina",
                "highlight" : [ "folder", "polovina" ]
              } ]
            }, {
              "name" : "item",
              "specs" : [ {
                "status" : "info",
                "place" : {
                  "filePath" : "zadaciTest.gspec",
                  "lineNumber" : 36
                },
                "name" : "inside folder",
                "highlight" : [ "item", "folder" ]
              } ]
            } ]
          } ],
          "objects" : {
            "meni" : {
              "area" : [ 80, 35, 604, 50 ]
            },
            "item" : {
              "area" : [ 709, 159, 86, 86 ]
            },
            "folder" : {
              "area" : [ 647, 120, 473, 293 ]
            },
            "footer" : {
              "area" : [ 0, 787, 1177, 30 ]
            },
            "naziv" : {
              "area" : [ 1029, 0, 147, 39 ]
            },
            "header" : {
              "area" : [ 0, 0, 1177, 92 ]
            },
            "logo" : {
              "area" : [ 0, 0, 80, 52 ]
            },
            "polovina" : {
              "area" : [ 588, 91, 588, 696 ]
            },
            "godina" : {
              "area" : [ 58, 147, 182, 250 ]
            },
            "imena" : {
              "area" : [ 353, 189, 182, 250 ]
            },
            "cetvrtina" : {
              "area" : [ 0, 91, 294, 511 ]
            }
          },
          "screenshot" : "layout-1-screenshot.png",
          "type" : "layout"
        } ],
        "time" : 1541443269856,
        "type" : "node"
      } ],
      "time" : 1541443267512,
      "type" : "node"
    } ]
  }
}