{
  "testId" : "1-commititest.gspec",
  "name" : "commitiTest.gspec",
  "report" : {
    "nodes" : [ {
      "name" : "Simple check",
      "status" : "info",
      "nodes" : [ {
        "name" : "check  commitiTest.gspec --url http://localhost/commiti.html --size 1200x920 --htmlreport commitiTestResults",
        "status" : "info",
        "nodes" : [ {
          "name" : "Check layout: commitiTest.gspec included tags: ",
          "status" : "info",
          "time" : 1541443778484,
          "sections" : [ {
            "name" : "Meni section",
            "objects" : [ {
              "name" : "header",
              "specs" : [ {
                "status" : "info",
                "place" : {
                  "filePath" : "commitiTest.gspec",
                  "lineNumber" : 11
                },
                "name" : "contains partly meni, logo, naziv",
                "highlight" : [ "header", "meni", "logo", "naziv" ]
              }, {
                "status" : "info",
                "place" : {
                  "filePath" : "commitiTest.gspec",
                  "lineNumber" : 16
                },
                "name" : "above tabela",
                "highlight" : [ "header", "tabela" ]
              } ]
            }, {
              "name" : "footer",
              "specs" : [ {
                "status" : "info",
                "place" : {
                  "filePath" : "commitiTest.gspec",
                  "lineNumber" : 14
                },
                "name" : "text contains \"Web tehnologije 2018/19\"",
                "highlight" : [ "footer" ]
              } ]
            }, {
              "name" : "logo",
              "specs" : [ {
                "status" : "info",
                "place" : {
                  "filePath" : "commitiTest.gspec",
                  "lineNumber" : 18
                },
                "name" : "inside header 0px top left",
                "highlight" : [ "logo", "header" ]
              } ]
            }, {
              "name" : "tabela",
              "specs" : [ {
                "status" : "info",
                "place" : {
                  "filePath" : "commitiTest.gspec",
                  "lineNumber" : 20
                },
                "name" : "above footer",
                "highlight" : [ "tabela", "footer" ]
              } ]
            } ]
          } ],
          "objects" : {
            "meni" : {
              "area" : [ 80, 35, 604, 50 ]
            },
            "tabela" : {
              "area" : [ 35, 239, 823, 345 ]
            },
            "footer" : {
              "area" : [ 0, 643, 1177, 31 ]
            },
            "naziv" : {
              "area" : [ 1020, 0, 157, 37 ]
            },
            "header" : {
              "area" : [ 0, 0, 1177, 92 ]
            },
            "logo" : {
              "area" : [ 0, 0, 80, 52 ]
            }
          },
          "screenshot" : "layout-1-screenshot.png",
          "type" : "layout"
        } ],
        "time" : 1541443777173,
        "type" : "node"
      } ],
      "time" : 1541443774412,
      "type" : "node"
    } ]
  }
}