{
  "testId" : "1-addstudent.gspec",
  "name" : "addStudent.gspec",
  "report" : {
    "nodes" : [ {
      "name" : "Simple check",
      "status" : "info",
      "nodes" : [ {
        "name" : "check  addStudent.gspec --url http://localhost/addStudent.html --size 1366x768 --htmlreport addStudentIzvjestaj",
        "status" : "info",
        "nodes" : [ {
          "name" : "Check layout: addStudent.gspec included tags: ",
          "status" : "info",
          "time" : 1541534583457,
          "sections" : [ {
            "name" : "Header section",
            "place" : {
              "filePath" : "addStudent.gspec",
              "lineNumber" : 12
            },
            "objects" : [ {
              "name" : "header1",
              "specs" : [ {
                "status" : "info",
                "place" : {
                  "filePath" : "addStudent.gspec",
                  "lineNumber" : 14
                },
                "name" : "above glavniSadrzaj 0px",
                "highlight" : [ "header1", "glavniSadrzaj" ]
              } ]
            }, {
              "name" : "logo1",
              "specs" : [ {
                "status" : "info",
                "place" : {
                  "filePath" : "addStudent.gspec",
                  "lineNumber" : 18
                },
                "name" : "inside header1  13px top, 11px left",
                "highlight" : [ "logo1", "header1" ]
              } ]
            }, {
              "name" : "meni1",
              "specs" : [ {
                "status" : "info",
                "place" : {
                  "filePath" : "addStudent.gspec",
                  "lineNumber" : 22
                },
                "name" : "inside header1",
                "highlight" : [ "meni1", "header1" ]
              }, {
                "status" : "info",
                "place" : {
                  "filePath" : "addStudent.gspec",
                  "lineNumber" : 23
                },
                "name" : "below logo1",
                "highlight" : [ "meni1", "logo1" ]
              } ]
            } ]
          }, {
            "name" : "Footer section",
            "place" : {
              "filePath" : "addStudent.gspec",
              "lineNumber" : 34
            },
            "objects" : [ {
              "name" : "footer1",
              "specs" : [ {
                "status" : "info",
                "place" : {
                  "filePath" : "addStudent.gspec",
                  "lineNumber" : 36
                },
                "name" : "below glavniSadrzaj 0px",
                "highlight" : [ "footer1", "glavniSadrzaj" ]
              } ]
            } ]
          }, {
            "name" : "Main section",
            "place" : {
              "filePath" : "addStudent.gspec",
              "lineNumber" : 40
            },
            "objects" : [ {
              "name" : "glavniSadrzaj",
              "specs" : [ {
                "status" : "info",
                "place" : {
                  "filePath" : "addStudent.gspec",
                  "lineNumber" : 42
                },
                "name" : "centered horizontally inside body",
                "highlight" : [ "glavniSadrzaj", "body" ]
              } ]
            }, {
              "name" : "fPojedinacni",
              "specs" : [ {
                "status" : "info",
                "place" : {
                  "filePath" : "addStudent.gspec",
                  "lineNumber" : 51
                },
                "name" : "inside glavniSadrzaj",
                "highlight" : [ "fPojedinacni", "glavniSadrzaj" ]
              }, {
                "status" : "info",
                "place" : {
                  "filePath" : "addStudent.gspec",
                  "lineNumber" : 52
                },
                "name" : "above fMasovni",
                "highlight" : [ "fPojedinacni", "fMasovni" ]
              } ]
            }, {
              "name" : "fMasovni",
              "specs" : [ {
                "status" : "info",
                "place" : {
                  "filePath" : "addStudent.gspec",
                  "lineNumber" : 55
                },
                "name" : "inside glavniSadrzaj",
                "highlight" : [ "fMasovni", "glavniSadrzaj" ]
              }, {
                "status" : "info",
                "place" : {
                  "filePath" : "addStudent.gspec",
                  "lineNumber" : 56
                },
                "name" : "below fPojedinacni",
                "highlight" : [ "fMasovni", "fPojedinacni" ]
              } ]
            } ]
          } ],
          "objects" : {
            "meni1" : {
              "area" : [ 11, 68, 1315, 18 ]
            },
            "footer1" : {
              "area" : [ 0, 1069, 1337, 61 ]
            },
            "glavniSadrzaj" : {
              "area" : [ 100, 99, 1136, 970 ]
            },
            "header1" : {
              "area" : [ 0, 0, 1337, 99 ]
            },
            "logo1" : {
              "area" : [ 11, 13, 1315, 55 ]
            },
            "fPojedinacni" : {
              "area" : [ 213, 129, 909, 507 ]
            },
            "body" : {
              "area" : [ 0, 0, 1337, 687 ]
            },
            "fMasovni" : {
              "area" : [ 213, 667, 909, 335 ]
            }
          },
          "screenshot" : "layout-1-screenshot.png",
          "type" : "layout"
        } ],
        "time" : 1541534581568,
        "type" : "node"
      } ],
      "time" : 1541534574225,
      "type" : "node"
    } ]
  }
}