{
  "testId" : "1-logintest.gspec",
  "name" : "logintest.gspec",
  "report" : {
    "nodes" : [ {
      "name" : "Simple check",
      "status" : "info",
      "nodes" : [ {
        "name" : "check  logintest.gspec --url http://127.0.0.1:5500/login.html --size 1280x1024 --htmlreport logintest",
        "status" : "info",
        "nodes" : [ {
          "name" : "Check layout: logintest.gspec included tags: ",
          "status" : "info",
          "time" : 1541528462357,
          "sections" : [ {
            "name" : "main section",
            "place" : {
              "filePath" : "logintest.gspec",
              "lineNumber" : 6
            },
            "objects" : [ {
              "name" : "user",
              "specs" : [ {
                "status" : "info",
                "place" : {
                  "filePath" : "logintest.gspec",
                  "lineNumber" : 8
                },
                "name" : "inside login",
                "meta" : [ ],
                "highlight" : [ "user", "login" ]
              } ]
            }, {
              "name" : "pass",
              "specs" : [ {
                "status" : "info",
                "place" : {
                  "filePath" : "logintest.gspec",
                  "lineNumber" : 11
                },
                "name" : "inside login",
                "meta" : [ ],
                "highlight" : [ "pass", "login" ]
              } ]
            }, {
              "name" : "login",
              "specs" : [ {
                "status" : "info",
                "place" : {
                  "filePath" : "logintest.gspec",
                  "lineNumber" : 14
                },
                "name" : "centered horizontally inside screen",
                "highlight" : [ "login", "screen" ]
              }, {
                "status" : "info",
                "place" : {
                  "filePath" : "logintest.gspec",
                  "lineNumber" : 15
                },
                "name" : "centered vertically inside screen",
                "highlight" : [ "login", "screen" ]
              } ]
            } ]
          } ],
          "objects" : {
            "pass" : {
              "area" : [ 580, 458, 173, 21 ]
            },
            "screen" : {
              "area" : [ 0, 0, 1270, 935 ]
            },
            "login" : {
              "area" : [ 483, 410, 304, 114 ]
            },
            "user" : {
              "area" : [ 581, 427, 173, 21 ]
            }
          },
          "screenshot" : "layout-1-screenshot.png",
          "type" : "layout"
        } ],
        "time" : 1541528461203,
        "type" : "node"
      } ],
      "time" : 1541528457233,
      "type" : "node"
    } ]
  }
}