{
  "testId" : "1-studentitest.gspec",
  "name" : "studentiTest.gspec",
  "report" : {
    "nodes" : [ {
      "name" : "Simple check",
      "status" : "info",
      "nodes" : [ {
        "name" : "check  studentiTest.gspec --url http://localhost/studenti.html --size 1024x920 --htmlreport studentiTestResult",
        "status" : "info",
        "nodes" : [ {
          "name" : "Check layout: studentiTest.gspec included tags: ",
          "status" : "info",
          "time" : 1541437389952,
          "sections" : [ {
            "name" : "Meni section",
            "objects" : [ {
              "name" : "header",
              "specs" : [ {
                "status" : "info",
                "place" : {
                  "filePath" : "studentiTest.gspec",
                  "lineNumber" : 13
                },
                "name" : "contains meni, logo, naziv",
                "highlight" : [ "header", "meni", "logo", "naziv" ]
              }, {
                "status" : "info",
                "place" : {
                  "filePath" : "studentiTest.gspec",
                  "lineNumber" : 20
                },
                "name" : "above glavniSadrzaj  -1px",
                "highlight" : [ "header", "glavniSadrzaj" ]
              }, {
                "status" : "info",
                "place" : {
                  "filePath" : "studentiTest.gspec",
                  "lineNumber" : 21
                },
                "name" : "above side  -1px",
                "highlight" : [ "header", "side" ]
              } ]
            }, {
              "name" : "glavniSadrzaj",
              "specs" : [ {
                "status" : "info",
                "place" : {
                  "filePath" : "studentiTest.gspec",
                  "lineNumber" : 15
                },
                "name" : "above footer 0px",
                "highlight" : [ "glavniSadrzaj", "footer" ]
              }, {
                "status" : "info",
                "place" : {
                  "filePath" : "studentiTest.gspec",
                  "lineNumber" : 16
                },
                "name" : "width 64 % of screen/width",
                "highlight" : [ "glavniSadrzaj" ]
              } ]
            }, {
              "name" : "footer",
              "specs" : [ {
                "status" : "info",
                "place" : {
                  "filePath" : "studentiTest.gspec",
                  "lineNumber" : 18
                },
                "name" : "text contains \"Web tehnologije 2018/19\"",
                "highlight" : [ "footer" ]
              } ]
            }, {
              "name" : "side",
              "specs" : [ {
                "status" : "info",
                "place" : {
                  "filePath" : "studentiTest.gspec",
                  "lineNumber" : 23
                },
                "name" : "width  35 % of screen/width",
                "highlight" : [ "side" ]
              }, {
                "status" : "info",
                "place" : {
                  "filePath" : "studentiTest.gspec",
                  "lineNumber" : 24
                },
                "name" : "above footer  0px",
                "highlight" : [ "side", "footer" ]
              } ]
            }, {
              "name" : "tabela",
              "specs" : [ {
                "status" : "info",
                "place" : {
                  "filePath" : "studentiTest.gspec",
                  "lineNumber" : 26
                },
                "name" : "inside glavniSadrzaj",
                "highlight" : [ "tabela", "glavniSadrzaj" ]
              } ]
            }, {
              "name" : "logo",
              "specs" : [ {
                "status" : "info",
                "place" : {
                  "filePath" : "studentiTest.gspec",
                  "lineNumber" : 28
                },
                "name" : "inside header 0px top left",
                "highlight" : [ "logo", "header" ]
              } ]
            } ]
          } ],
          "objects" : {
            "meni" : {
              "area" : [ 80, 30, 521, 50 ]
            },
            "glavniSadrzaj" : {
              "area" : [ 355, 91, 660, 488 ]
            },
            "side" : {
              "area" : [ 0, 91, 356, 488 ]
            },
            "tabela" : {
              "area" : [ 375, 111, 595, 216 ]
            },
            "footer" : {
              "area" : [ 0, 579, 1016, 30 ]
            },
            "naziv" : {
              "area" : [ 864, 0, 152, 35 ]
            },
            "header" : {
              "area" : [ 0, 0, 1016, 92 ]
            },
            "logo" : {
              "area" : [ 0, 0, 80, 52 ]
            }
          },
          "screenshot" : "layout-1-screenshot.png",
          "type" : "layout"
        } ],
        "time" : 1541437388299,
        "type" : "node"
      } ],
      "time" : 1541437385473,
      "type" : "node"
    } ]
  }
}