{
  "testId" : "1-zadacitest.gspec",
  "name" : "zadaciTest.gspec",
  "report" : {
    "nodes" : [ {
      "name" : "Simple check",
      "status" : "info",
      "nodes" : [ {
        "name" : "check  zadaciTest.gspec --url http://localhost/studenti.html --size 1024x920 --htmlreport studentiTestResult",
        "status" : "info",
        "nodes" : [ {
          "name" : "Check layout: zadaciTest.gspec included tags: ",
          "status" : "error",
          "time" : 1541437021395,
          "sections" : [ {
            "name" : "Meni section",
            "objects" : [ {
              "name" : "header",
              "specs" : [ {
                "status" : "info",
                "place" : {
                  "filePath" : "zadaciTest.gspec",
                  "lineNumber" : 12
                },
                "name" : "contains header.meni, header.logo, header.naziv",
                "highlight" : [ "header", "header.meni", "header.logo", "header.naziv" ]
              }, {
                "status" : "error",
                "place" : {
                  "filePath" : "zadaciTest.gspec",
                  "lineNumber" : 21
                },
                "name" : "above cetvrtina -1px",
                "errors" : [ "\"cetvrtina\" is absent on page" ],
                "highlight" : [ ]
              }, {
                "status" : "error",
                "place" : {
                  "filePath" : "zadaciTest.gspec",
                  "lineNumber" : 22
                },
                "name" : "above polovina -1px",
                "errors" : [ "\"polovina\" is absent on page" ],
                "highlight" : [ ]
              } ]
            }, {
              "name" : "cetvrtina",
              "specs" : [ {
                "status" : "error",
                "place" : {
                  "filePath" : "zadaciTest.gspec",
                  "lineNumber" : 14
                },
                "name" : "width 24 % of screen/width",
                "errors" : [ "\"cetvrtina\" is absent on page" ],
                "highlight" : [ ]
              } ]
            }, {
              "name" : "polovina",
              "specs" : [ {
                "status" : "error",
                "place" : {
                  "filePath" : "zadaciTest.gspec",
                  "lineNumber" : 16
                },
                "name" : "above footer 0px",
                "errors" : [ "\"polovina\" is absent on page" ],
                "highlight" : [ ]
              }, {
                "status" : "error",
                "place" : {
                  "filePath" : "zadaciTest.gspec",
                  "lineNumber" : 17
                },
                "name" : "width 49 % of screen/width",
                "errors" : [ "\"polovina\" is absent on page" ],
                "highlight" : [ ]
              } ]
            }, {
              "name" : "footer",
              "specs" : [ {
                "status" : "info",
                "place" : {
                  "filePath" : "zadaciTest.gspec",
                  "lineNumber" : 19
                },
                "name" : "text contains \"Web tehnologije 2018/19\"",
                "highlight" : [ "footer" ]
              } ]
            } ]
          } ],
          "objects" : {
            "header.logo" : {
              "area" : [ 0, 0, 80, 52 ]
            },
            "footer" : {
              "area" : [ 0, 579, 1016, 30 ]
            },
            "header" : {
              "area" : [ 0, 0, 1016, 92 ]
            },
            "header.meni" : {
              "area" : [ 80, 30, 521, 50 ]
            },
            "header.naziv" : {
              "area" : [ 864, 0, 152, 35 ]
            }
          },
          "screenshot" : "layout-1-screenshot.png",
          "type" : "layout"
        } ],
        "time" : 1541437019921,
        "type" : "node"
      } ],
      "time" : 1541437017179,
      "type" : "node"
    } ]
  }
}