{
  "testId" : "1-addgodinatest600px.gspec",
  "name" : "addGodinaTest600px.gspec",
  "report" : {
    "nodes" : [ {
      "name" : "Simple check",
      "status" : "info",
      "nodes" : [ {
        "name" : "check  addGodinaTest600px.gspec --url http://localhost/addGodina.html --size 520x720 --htmlreport addGodina600pxTestResults",
        "status" : "info",
        "nodes" : [ {
          "name" : "Check layout: addGodinaTest600px.gspec included tags: ",
          "status" : "info",
          "time" : 1541446329735,
          "sections" : [ {
            "name" : "Meni section",
            "objects" : [ {
              "name" : "header",
              "specs" : [ {
                "status" : "info",
                "place" : {
                  "filePath" : "addGodinaTest600px.gspec",
                  "lineNumber" : 14
                },
                "name" : "contains partly meni, logo, naziv",
                "highlight" : [ "header", "meni", "logo", "naziv" ]
              }, {
                "status" : "info",
                "place" : {
                  "filePath" : "addGodinaTest600px.gspec",
                  "lineNumber" : 21
                },
                "name" : "above side  -1px",
                "highlight" : [ "header", "side" ]
              } ]
            }, {
              "name" : "glavniSadrzaj",
              "specs" : [ {
                "status" : "info",
                "place" : {
                  "filePath" : "addGodinaTest600px.gspec",
                  "lineNumber" : 16
                },
                "name" : "above footer 0px",
                "highlight" : [ "glavniSadrzaj", "footer" ]
              }, {
                "status" : "info",
                "place" : {
                  "filePath" : "addGodinaTest600px.gspec",
                  "lineNumber" : 17
                },
                "name" : "width 100 % of screen/width",
                "highlight" : [ "glavniSadrzaj" ]
              } ]
            }, {
              "name" : "footer",
              "specs" : [ {
                "status" : "info",
                "place" : {
                  "filePath" : "addGodinaTest600px.gspec",
                  "lineNumber" : 19
                },
                "name" : "text contains \"Web tehnologije 2018/19\"",
                "highlight" : [ "footer" ]
              } ]
            }, {
              "name" : "side",
              "specs" : [ {
                "status" : "info",
                "place" : {
                  "filePath" : "addGodinaTest600px.gspec",
                  "lineNumber" : 23
                },
                "name" : "width  100 % of screen/width",
                "highlight" : [ "side" ]
              } ]
            }, {
              "name" : "godina",
              "specs" : [ {
                "status" : "info",
                "place" : {
                  "filePath" : "addGodinaTest600px.gspec",
                  "lineNumber" : 25
                },
                "name" : "inside glavniSadrzaj",
                "highlight" : [ "godina", "glavniSadrzaj" ]
              } ]
            }, {
              "name" : "logo",
              "specs" : [ {
                "status" : "info",
                "place" : {
                  "filePath" : "addGodinaTest600px.gspec",
                  "lineNumber" : 27
                },
                "name" : "inside header 0px top left",
                "highlight" : [ "logo", "header" ]
              } ]
            } ]
          } ],
          "objects" : {
            "meni" : {
              "area" : [ 0, 68, 569, 50 ]
            },
            "side" : {
              "area" : [ 0, 151, 569, 354 ]
            },
            "glavniSadrzaj" : {
              "area" : [ 0, 505, 569, 514 ]
            },
            "footer" : {
              "area" : [ 0, 1019, 569, 59 ]
            },
            "naziv" : {
              "area" : [ 0, 118, 575, 33 ]
            },
            "header" : {
              "area" : [ 0, 0, 569, 152 ]
            },
            "logo" : {
              "area" : [ 0, 0, 80, 52 ]
            },
            "godina" : {
              "area" : [ 28, 534, 186, 186 ]
            }
          },
          "screenshot" : "layout-1-screenshot.png",
          "type" : "layout"
        } ],
        "time" : 1541446328235,
        "type" : "node"
      } ],
      "time" : 1541446325516,
      "type" : "node"
    } ]
  }
}