{
  "testId" : "1-testcommiti.gspec",
  "name" : "testCommiti.gspec",
  "report" : {
    "nodes" : [ {
      "name" : "Simple check",
      "status" : "info",
      "nodes" : [ {
        "name" : "check  testCommiti.gspec --url http://localhost/commiti.html --size 1920x1080 --htmlreport commitiIzvjestaj",
        "status" : "info",
        "nodes" : [ {
          "name" : "Check layout: testCommiti.gspec included tags: ",
          "status" : "info",
          "time" : 1541438678610,
          "sections" : [ {
            "name" : "Main section",
            "place" : {
              "filePath" : "testCommiti.gspec",
              "lineNumber" : 9
            },
            "objects" : [ {
              "name" : "header",
              "specs" : [ {
                "status" : "info",
                "place" : {
                  "filePath" : "testCommiti.gspec",
                  "lineNumber" : 11
                },
                "name" : "above sredina",
                "highlight" : [ "header", "sredina" ]
              } ]
            }, {
              "name" : "footer",
              "specs" : [ {
                "status" : "info",
                "place" : {
                  "filePath" : "testCommiti.gspec",
                  "lineNumber" : 13
                },
                "name" : "below sredina",
                "highlight" : [ "footer", "sredina" ]
              } ]
            }, {
              "name" : "meni",
              "specs" : [ {
                "status" : "info",
                "place" : {
                  "filePath" : "testCommiti.gspec",
                  "lineNumber" : 15
                },
                "name" : "inside header",
                "highlight" : [ "meni", "header" ]
              } ]
            }, {
              "name" : "trenutnaStranica",
              "specs" : [ {
                "status" : "info",
                "place" : {
                  "filePath" : "testCommiti.gspec",
                  "lineNumber" : 17
                },
                "name" : "inside header",
                "highlight" : [ "trenutnaStranica", "header" ]
              } ]
            }, {
              "name" : "logo",
              "specs" : [ {
                "status" : "info",
                "place" : {
                  "filePath" : "testCommiti.gspec",
                  "lineNumber" : 19
                },
                "name" : "inside header",
                "highlight" : [ "logo", "header" ]
              } ]
            } ]
          } ],
          "objects" : {
            "meni" : {
              "area" : [ 0, 79, 1908, 119 ]
            },
            "trenutnaStranica" : {
              "area" : [ 954, 0, 954, 79 ]
            },
            "footer" : {
              "area" : [ 0, 899, 1908, 99 ]
            },
            "header" : {
              "area" : [ 0, 0, 1908, 199 ]
            },
            "logo" : {
              "area" : [ 0, 0, 954, 79 ]
            },
            "sredina" : {
              "area" : [ 0, 199, 1908, 699 ]
            }
          },
          "screenshot" : "layout-1-screenshot.png",
          "type" : "layout"
        } ],
        "time" : 1541438676470,
        "type" : "node"
      } ],
      "time" : 1541438669687,
      "type" : "node"
    } ]
  }
}