{
  "testId" : "1-addzadataktest.gspec",
  "name" : "addZadatakTest.gspec",
  "report" : {
    "nodes" : [ {
      "name" : "Simple check",
      "status" : "info",
      "nodes" : [ {
        "name" : "check  addZadatakTest.gspec --url http://localhost/addZadatak.html --size 1600x900 --htmlreport testovi/addZadatak",
        "status" : "info",
        "nodes" : [ {
          "name" : "Check layout: addZadatakTest.gspec included tags: ",
          "status" : "info",
          "time" : 1541536351173,
          "sections" : [ {
            "name" : "Meni section",
            "place" : {
              "filePath" : "addZadatakTest.gspec",
              "lineNumber" : 6
            },
            "objects" : [ {
              "name" : "meni",
              "specs" : [ {
                "status" : "info",
                "place" : {
                  "filePath" : "addZadatakTest.gspec",
                  "lineNumber" : 8
                },
                "name" : "above glavniSadrzaj 0px",
                "highlight" : [ "meni", "glavniSadrzaj" ]
              } ]
            }, {
              "name" : "footer",
              "specs" : [ {
                "status" : "info",
                "place" : {
                  "filePath" : "addZadatakTest.gspec",
                  "lineNumber" : 11
                },
                "name" : "below glavniSadrzaj 0px",
                "highlight" : [ "footer", "glavniSadrzaj" ]
              } ]
            } ]
          } ],
          "objects" : {
            "meni" : {
              "area" : [ 0, 0, 1521, 145 ]
            },
            "glavniSadrzaj" : {
              "area" : [ 114, 145, 1292, 900 ]
            },
            "footer" : {
              "area" : [ 0, 1045, 1531, 50 ]
            }
          },
          "screenshot" : "layout-1-screenshot.png",
          "type" : "layout"
        } ],
        "time" : 1541536350086,
        "type" : "node"
      } ],
      "time" : 1541536346846,
      "type" : "node"
    } ]
  }
}