{
  "testId" : "1-addstudenttest.gspec",
  "name" : "addStudenttest.gspec",
  "report" : {
    "nodes" : [ {
      "name" : "Simple check",
      "status" : "info",
      "nodes" : [ {
        "name" : "check  addStudenttest.gspec --url http://127.0.0.1:5500/addStudent.html --size 1280x1024 --htmlreport addStudenttest",
        "status" : "info",
        "nodes" : [ {
          "name" : "Check layout: addStudenttest.gspec included tags: ",
          "status" : "info",
          "time" : 1541534625148,
          "sections" : [ {
            "name" : "main section",
            "place" : {
              "filePath" : "addStudenttest.gspec",
              "lineNumber" : 14
            },
            "objects" : [ {
              "name" : "header",
              "specs" : [ {
                "status" : "info",
                "place" : {
                  "filePath" : "addStudenttest.gspec",
                  "lineNumber" : 16
                },
                "name" : "above footer",
                "meta" : [ {
                  "from" : {
                    "object" : "header",
                    "edge" : "bottom"
                  },
                  "to" : {
                    "object" : "footer",
                    "edge" : "top"
                  },
                  "expectedDistance" : ">= 0px",
                  "realDistance" : "776px"
                } ],
                "highlight" : [ "header", "footer" ]
              }, {
                "status" : "info",
                "place" : {
                  "filePath" : "addStudenttest.gspec",
                  "lineNumber" : 17
                },
                "name" : "contains logo",
                "highlight" : [ "header", "logo" ]
              }, {
                "status" : "info",
                "place" : {
                  "filePath" : "addStudenttest.gspec",
                  "lineNumber" : 18
                },
                "name" : "contains naslov",
                "highlight" : [ "header", "naslov" ]
              }, {
                "status" : "info",
                "place" : {
                  "filePath" : "addStudenttest.gspec",
                  "lineNumber" : 19
                },
                "name" : "contains meni",
                "highlight" : [ "header", "meni" ]
              } ]
            }, {
              "name" : "meni",
              "specs" : [ {
                "status" : "info",
                "place" : {
                  "filePath" : "addStudenttest.gspec",
                  "lineNumber" : 29
                },
                "name" : "below naslov >= -1px",
                "meta" : [ {
                  "from" : {
                    "object" : "meni",
                    "edge" : "top"
                  },
                  "to" : {
                    "object" : "naslov",
                    "edge" : "bottom"
                  },
                  "expectedDistance" : ">= -1px",
                  "realDistance" : "26px"
                } ],
                "highlight" : [ "meni", "naslov" ]
              } ]
            }, {
              "name" : "glavni",
              "specs" : [ {
                "status" : "info",
                "place" : {
                  "filePath" : "addStudenttest.gspec",
                  "lineNumber" : 32
                },
                "name" : "width 84 to 86 % of screen/width",
                "meta" : [ {
                  "from" : {
                    "object" : "glavni",
                    "edge" : "left"
                  },
                  "to" : {
                    "object" : "glavni",
                    "edge" : "right"
                  },
                  "expectedDistance" : "84 to 86% [1066 to 1092px]",
                  "realDistance" : "85% [1080px]"
                } ],
                "highlight" : [ "glavni" ]
              } ]
            }, {
              "name" : "pojed",
              "specs" : [ {
                "status" : "info",
                "place" : {
                  "filePath" : "addStudenttest.gspec",
                  "lineNumber" : 35
                },
                "name" : "above masovni >= -1px",
                "meta" : [ {
                  "from" : {
                    "object" : "pojed",
                    "edge" : "bottom"
                  },
                  "to" : {
                    "object" : "masovni",
                    "edge" : "top"
                  },
                  "expectedDistance" : ">= -1px",
                  "realDistance" : "40px"
                } ],
                "highlight" : [ "pojed", "masovni" ]
              }, {
                "status" : "info",
                "place" : {
                  "filePath" : "addStudenttest.gspec",
                  "lineNumber" : 36
                },
                "name" : "contains select1",
                "highlight" : [ "pojed", "select1" ]
              }, {
                "status" : "info",
                "place" : {
                  "filePath" : "addStudenttest.gspec",
                  "lineNumber" : 37
                },
                "name" : "contains unosi",
                "highlight" : [ "pojed", "unosi" ]
              } ]
            }, {
              "name" : "masovni",
              "specs" : [ {
                "status" : "info",
                "place" : {
                  "filePath" : "addStudenttest.gspec",
                  "lineNumber" : 40
                },
                "name" : "contains select2",
                "highlight" : [ "masovni", "select2" ]
              } ]
            } ]
          } ],
          "objects" : {
            "meni" : {
              "area" : [ 0, 84, 1270, 26 ]
            },
            "select2" : {
              "area" : [ 498, 699, 216, 19 ]
            },
            "naslov" : {
              "area" : [ 911, 21, 344, 37 ]
            },
            "select1" : {
              "area" : [ 498, 235, 216, 19 ]
            },
            "pojed" : {
              "area" : [ 428, 130, 410, 424 ]
            },
            "footer" : {
              "area" : [ 0, 886, 1270, 28 ]
            },
            "glavni" : {
              "area" : [ 95, 110, 1080, 776 ]
            },
            "masovni" : {
              "area" : [ 428, 594, 410, 272 ]
            },
            "unosi" : {
              "area" : [ 498, 312, 220, 19 ]
            },
            "header" : {
              "area" : [ 0, 0, 1270, 110 ]
            },
            "logo" : {
              "area" : [ 2, 2, 76, 77 ]
            }
          },
          "screenshot" : "layout-1-screenshot.png",
          "type" : "layout"
        } ],
        "time" : 1541534623474,
        "type" : "node"
      } ],
      "time" : 1541534619403,
      "type" : "node"
    } ]
  }
}