{
  "testId" : "1-testzalogin.gspec",
  "name" : "testZaLogin.gspec",
  "report" : {
    "nodes" : [ {
      "name" : "Simple check",
      "status" : "info",
      "nodes" : [ {
        "name" : "check  testZaLogin.gspec --url http://localhost/login.html --size 1024x768 --htmlreport izvjestajZaLogin",
        "status" : "info",
        "nodes" : [ {
          "name" : "Check layout: testZaLogin.gspec included tags: ",
          "status" : "info",
          "time" : 1541455752472,
          "sections" : [ {
            "name" : "Login section",
            "place" : {
              "filePath" : "testZaLogin.gspec",
              "lineNumber" : 8
            },
            "objects" : [ {
              "name" : "login",
              "specs" : [ {
                "status" : "info",
                "place" : {
                  "filePath" : "testZaLogin.gspec",
                  "lineNumber" : 10
                },
                "name" : "centered horizontally inside screen",
                "highlight" : [ "login", "screen" ]
              }, {
                "status" : "info",
                "place" : {
                  "filePath" : "testZaLogin.gspec",
                  "lineNumber" : 11
                },
                "name" : "centered vertically inside screen",
                "highlight" : [ "login", "screen" ]
              } ]
            }, {
              "name" : "username",
              "specs" : [ {
                "status" : "info",
                "place" : {
                  "filePath" : "testZaLogin.gspec",
                  "lineNumber" : 13
                },
                "name" : "inside login",
                "highlight" : [ "username", "login" ]
              }, {
                "status" : "info",
                "place" : {
                  "filePath" : "testZaLogin.gspec",
                  "lineNumber" : 14
                },
                "name" : "above password",
                "highlight" : [ "username", "password" ]
              } ]
            }, {
              "name" : "password",
              "specs" : [ {
                "status" : "info",
                "place" : {
                  "filePath" : "testZaLogin.gspec",
                  "lineNumber" : 16
                },
                "name" : "inside login",
                "highlight" : [ "password", "login" ]
              }, {
                "status" : "info",
                "place" : {
                  "filePath" : "testZaLogin.gspec",
                  "lineNumber" : 17
                },
                "name" : "below username",
                "highlight" : [ "password", "username" ]
              } ]
            }, {
              "name" : "dugme",
              "specs" : [ {
                "status" : "info",
                "place" : {
                  "filePath" : "testZaLogin.gspec",
                  "lineNumber" : 19
                },
                "name" : "inside login",
                "highlight" : [ "dugme", "login" ]
              }, {
                "status" : "info",
                "place" : {
                  "filePath" : "testZaLogin.gspec",
                  "lineNumber" : 20
                },
                "name" : "below password",
                "highlight" : [ "dugme", "password" ]
              } ]
            } ]
          } ],
          "objects" : {
            "password" : {
              "area" : [ 477, 328, 127, 22 ]
            },
            "screen" : {
              "area" : [ 0, 0, 1012, 687 ]
            },
            "dugme" : {
              "area" : [ 494, 390, 107, 22 ]
            },
            "login" : {
              "area" : [ 356, 248, 300, 190 ]
            },
            "username" : {
              "area" : [ 478, 288, 127, 22 ]
            }
          },
          "screenshot" : "layout-1-screenshot.png",
          "type" : "layout"
        } ],
        "time" : 1541455751248,
        "type" : "node"
      } ],
      "time" : 1541455745021,
      "type" : "node"
    } ]
  }
}