{
  "testId" : "1-commititest.gspec",
  "name" : "commitiTest.gspec",
  "report" : {
    "nodes" : [ {
      "name" : "Simple check",
      "status" : "info",
      "nodes" : [ {
        "name" : "check  commitiTest.gspec --url http://localhost/commiti.html --size 1600x900 --htmlreport testovi/commiti",
        "status" : "info",
        "nodes" : [ {
          "name" : "Check layout: commitiTest.gspec included tags: ",
          "status" : "info",
          "time" : 1541517108993,
          "sections" : [ {
            "name" : "Meni section",
            "place" : {
              "filePath" : "commitiTest.gspec",
              "lineNumber" : 5
            },
            "objects" : [ {
              "name" : "meni",
              "specs" : [ {
                "status" : "info",
                "place" : {
                  "filePath" : "commitiTest.gspec",
                  "lineNumber" : 7
                },
                "name" : "above glavniSadrzaj 0px",
                "highlight" : [ "meni", "glavniSadrzaj" ]
              } ]
            }, {
              "name" : "footer",
              "specs" : [ {
                "status" : "info",
                "place" : {
                  "filePath" : "commitiTest.gspec",
                  "lineNumber" : 10
                },
                "name" : "below glavniSadrzaj 0px",
                "highlight" : [ "footer", "glavniSadrzaj" ]
              } ]
            } ]
          } ],
          "objects" : {
            "meni" : {
              "area" : [ 0, 0, 1521, 145 ]
            },
            "glavniSadrzaj" : {
              "area" : [ 0, 145, 1521, 707 ]
            },
            "footer" : {
              "area" : [ 0, 852, 1531, 50 ]
            }
          },
          "screenshot" : "layout-1-screenshot.png",
          "type" : "layout"
        } ],
        "time" : 1541517107927,
        "type" : "node"
      } ],
      "time" : 1541517104755,
      "type" : "node"
    } ]
  }
}