{
  "testId" : "1-addzadataktest.gspec",
  "name" : "addZadataktest.gspec",
  "report" : {
    "nodes" : [ {
      "name" : "Simple check",
      "status" : "info",
      "nodes" : [ {
        "name" : "check  addZadataktest.gspec --url http://127.0.0.1:5500/addZadatak.html --size 1280x1024 --htmlreport addZadataktest",
        "status" : "info",
        "nodes" : [ {
          "name" : "Check layout: addZadataktest.gspec included tags: ",
          "status" : "info",
          "time" : 1541535176427,
          "sections" : [ {
            "name" : "main section",
            "place" : {
              "filePath" : "addZadataktest.gspec",
              "lineNumber" : 13
            },
            "objects" : [ {
              "name" : "header",
              "specs" : [ {
                "status" : "info",
                "place" : {
                  "filePath" : "addZadataktest.gspec",
                  "lineNumber" : 15
                },
                "name" : "above footer",
                "meta" : [ {
                  "from" : {
                    "object" : "header",
                    "edge" : "bottom"
                  },
                  "to" : {
                    "object" : "footer",
                    "edge" : "top"
                  },
                  "expectedDistance" : ">= 0px",
                  "realDistance" : "389px"
                } ],
                "highlight" : [ "header", "footer" ]
              }, {
                "status" : "info",
                "place" : {
                  "filePath" : "addZadataktest.gspec",
                  "lineNumber" : 16
                },
                "name" : "contains logo",
                "highlight" : [ "header", "logo" ]
              }, {
                "status" : "info",
                "place" : {
                  "filePath" : "addZadataktest.gspec",
                  "lineNumber" : 17
                },
                "name" : "contains naslov",
                "highlight" : [ "header", "naslov" ]
              }, {
                "status" : "info",
                "place" : {
                  "filePath" : "addZadataktest.gspec",
                  "lineNumber" : 18
                },
                "name" : "contains meni",
                "highlight" : [ "header", "meni" ]
              } ]
            }, {
              "name" : "meni",
              "specs" : [ {
                "status" : "info",
                "place" : {
                  "filePath" : "addZadataktest.gspec",
                  "lineNumber" : 28
                },
                "name" : "below naslov >= -1px",
                "meta" : [ {
                  "from" : {
                    "object" : "meni",
                    "edge" : "top"
                  },
                  "to" : {
                    "object" : "naslov",
                    "edge" : "bottom"
                  },
                  "expectedDistance" : ">= -1px",
                  "realDistance" : "26px"
                } ],
                "highlight" : [ "meni", "naslov" ]
              } ]
            }, {
              "name" : "glavni",
              "specs" : [ {
                "status" : "info",
                "place" : {
                  "filePath" : "addZadataktest.gspec",
                  "lineNumber" : 31
                },
                "name" : "width 84 to 86 % of screen/width",
                "meta" : [ {
                  "from" : {
                    "object" : "glavni",
                    "edge" : "left"
                  },
                  "to" : {
                    "object" : "glavni",
                    "edge" : "right"
                  },
                  "expectedDistance" : "84 to 86% [1066 to 1092px]",
                  "realDistance" : "85% [1080px]"
                } ],
                "highlight" : [ "glavni" ]
              }, {
                "status" : "info",
                "place" : {
                  "filePath" : "addZadataktest.gspec",
                  "lineNumber" : 34
                },
                "name" : "contains text",
                "highlight" : [ "glavni", "text" ]
              }, {
                "status" : "info",
                "place" : {
                  "filePath" : "addZadataktest.gspec",
                  "lineNumber" : 35
                },
                "name" : "contains file",
                "highlight" : [ "glavni", "file" ]
              }, {
                "status" : "info",
                "place" : {
                  "filePath" : "addZadataktest.gspec",
                  "lineNumber" : 36
                },
                "name" : "contains submit",
                "highlight" : [ "glavni", "submit" ]
              }, {
                "status" : "info",
                "place" : {
                  "filePath" : "addZadataktest.gspec",
                  "lineNumber" : 37
                },
                "name" : "contains select",
                "highlight" : [ "glavni", "select" ]
              } ]
            } ]
          } ],
          "objects" : {
            "meni" : {
              "area" : [ 0, 84, 1270, 26 ]
            },
            "naslov" : {
              "area" : [ 990, 21, 264, 37 ]
            },
            "file" : {
              "area" : [ 365, 312, 540, 21 ]
            },
            "select" : {
              "area" : [ 365, 391, 243, 19 ]
            },
            "submit" : {
              "area" : [ 814, 440, 90, 19 ]
            },
            "footer" : {
              "area" : [ 0, 499, 1270, 28 ]
            },
            "glavni" : {
              "area" : [ 95, 110, 1080, 389 ]
            },
            "header" : {
              "area" : [ 0, 0, 1270, 110 ]
            },
            "logo" : {
              "area" : [ 2, 2, 76, 77 ]
            },
            "text" : {
              "area" : [ 365, 235, 247, 19 ]
            }
          },
          "screenshot" : "layout-1-screenshot.png",
          "type" : "layout"
        } ],
        "time" : 1541535174847,
        "type" : "node"
      } ],
      "time" : 1541535170781,
      "type" : "node"
    } ]
  }
}