{
  "testId" : "1-addstudenttest.gspec",
  "name" : "addStudentTest.gspec",
  "report" : {
    "nodes" : [ {
      "name" : "Simple check",
      "status" : "info",
      "nodes" : [ {
        "name" : "check  addStudentTest.gspec --url http://localhost/addStudent.html --size 1600x900 --htmlreport testovi/addStudent",
        "status" : "info",
        "nodes" : [ {
          "name" : "Check layout: addStudentTest.gspec included tags: ",
          "status" : "info",
          "time" : 1541536752340,
          "sections" : [ {
            "name" : "Meni section",
            "place" : {
              "filePath" : "addStudentTest.gspec",
              "lineNumber" : 8
            },
            "objects" : [ {
              "name" : "meni",
              "specs" : [ {
                "status" : "info",
                "place" : {
                  "filePath" : "addStudentTest.gspec",
                  "lineNumber" : 10
                },
                "name" : "above glavniSadrzaj 0px",
                "highlight" : [ "meni", "glavniSadrzaj" ]
              } ]
            }, {
              "name" : "footer",
              "specs" : [ {
                "status" : "info",
                "place" : {
                  "filePath" : "addStudentTest.gspec",
                  "lineNumber" : 13
                },
                "name" : "below glavniSadrzaj 0px",
                "highlight" : [ "footer", "glavniSadrzaj" ]
              } ]
            } ]
          }, {
            "name" : "Main section",
            "place" : {
              "filePath" : "addStudentTest.gspec",
              "lineNumber" : 15
            },
            "objects" : [ {
              "name" : "pojedinacni",
              "specs" : [ {
                "status" : "info",
                "place" : {
                  "filePath" : "addStudentTest.gspec",
                  "lineNumber" : 17
                },
                "name" : "below meni",
                "highlight" : [ "pojedinacni", "meni" ]
              }, {
                "status" : "info",
                "place" : {
                  "filePath" : "addStudentTest.gspec",
                  "lineNumber" : 18
                },
                "name" : "above masovni",
                "highlight" : [ "pojedinacni", "masovni" ]
              } ]
            }, {
              "name" : "masovni",
              "specs" : [ {
                "status" : "info",
                "place" : {
                  "filePath" : "addStudentTest.gspec",
                  "lineNumber" : 21
                },
                "name" : "above footer",
                "highlight" : [ "masovni", "footer" ]
              } ]
            } ]
          } ],
          "objects" : {
            "meni" : {
              "area" : [ 0, 0, 1521, 145 ]
            },
            "glavniSadrzaj" : {
              "area" : [ 114, 145, 1292, 913 ]
            },
            "footer" : {
              "area" : [ 0, 1058, 1531, 50 ]
            },
            "pojedinacni" : {
              "area" : [ 584, 175, 352, 419 ]
            },
            "masovni" : {
              "area" : [ 573, 640, 373, 402 ]
            }
          },
          "screenshot" : "layout-1-screenshot.png",
          "type" : "layout"
        } ],
        "time" : 1541536750859,
        "type" : "node"
      } ],
      "time" : 1541536747587,
      "type" : "node"
    } ]
  }
}