{
  "testId" : "1-addzadataktest.gspec",
  "name" : "addZadataktest.gspec",
  "report" : {
    "nodes" : [ {
      "name" : "Simple check",
      "status" : "info",
      "nodes" : [ {
        "name" : "check  addZadataktest.gspec --url http://127.0.0.1:5500/addZadatak.html --size 580x400 --htmlreport addZadataktest600",
        "status" : "info",
        "nodes" : [ {
          "name" : "Check layout: addZadataktest.gspec included tags: ",
          "status" : "info",
          "time" : 1541535196931,
          "sections" : [ {
            "name" : "main section",
            "place" : {
              "filePath" : "addZadataktest.gspec",
              "lineNumber" : 13
            },
            "objects" : [ {
              "name" : "header",
              "specs" : [ {
                "status" : "info",
                "place" : {
                  "filePath" : "addZadataktest.gspec",
                  "lineNumber" : 15
                },
                "name" : "above footer",
                "meta" : [ {
                  "from" : {
                    "object" : "header",
                    "edge" : "bottom"
                  },
                  "to" : {
                    "object" : "footer",
                    "edge" : "top"
                  },
                  "expectedDistance" : ">= 0px",
                  "realDistance" : "389px"
                } ],
                "highlight" : [ "header", "footer" ]
              }, {
                "status" : "info",
                "place" : {
                  "filePath" : "addZadataktest.gspec",
                  "lineNumber" : 16
                },
                "name" : "contains logo",
                "highlight" : [ "header", "logo" ]
              }, {
                "status" : "info",
                "place" : {
                  "filePath" : "addZadataktest.gspec",
                  "lineNumber" : 17
                },
                "name" : "contains naslov",
                "highlight" : [ "header", "naslov" ]
              }, {
                "status" : "info",
                "place" : {
                  "filePath" : "addZadataktest.gspec",
                  "lineNumber" : 18
                },
                "name" : "contains meni",
                "highlight" : [ "header", "meni" ]
              } ]
            }, {
              "name" : "meni",
              "specs" : [ {
                "status" : "info",
                "place" : {
                  "filePath" : "addZadataktest.gspec",
                  "lineNumber" : 22
                },
                "name" : "above naslov >= -1px",
                "meta" : [ {
                  "from" : {
                    "object" : "meni",
                    "edge" : "bottom"
                  },
                  "to" : {
                    "object" : "naslov",
                    "edge" : "top"
                  },
                  "expectedDistance" : ">= -1px",
                  "realDistance" : "1px"
                } ],
                "highlight" : [ "meni", "naslov" ]
              } ]
            }, {
              "name" : "glavni",
              "specs" : [ {
                "status" : "info",
                "place" : {
                  "filePath" : "addZadataktest.gspec",
                  "lineNumber" : 25
                },
                "name" : "width 100 % of screen/width",
                "meta" : [ {
                  "from" : {
                    "object" : "glavni",
                    "edge" : "left"
                  },
                  "to" : {
                    "object" : "glavni",
                    "edge" : "right"
                  },
                  "expectedDistance" : "100% [553px]",
                  "realDistance" : "100% [553px]"
                } ],
                "highlight" : [ "glavni" ]
              }, {
                "status" : "info",
                "place" : {
                  "filePath" : "addZadataktest.gspec",
                  "lineNumber" : 34
                },
                "name" : "contains text",
                "highlight" : [ "glavni", "text" ]
              }, {
                "status" : "info",
                "place" : {
                  "filePath" : "addZadataktest.gspec",
                  "lineNumber" : 35
                },
                "name" : "contains file",
                "highlight" : [ "glavni", "file" ]
              }, {
                "status" : "info",
                "place" : {
                  "filePath" : "addZadataktest.gspec",
                  "lineNumber" : 36
                },
                "name" : "contains submit",
                "highlight" : [ "glavni", "submit" ]
              }, {
                "status" : "info",
                "place" : {
                  "filePath" : "addZadataktest.gspec",
                  "lineNumber" : 37
                },
                "name" : "contains select",
                "highlight" : [ "glavni", "select" ]
              } ]
            } ]
          } ],
          "objects" : {
            "meni" : {
              "area" : [ 0, 84, 553, 44 ]
            },
            "naslov" : {
              "area" : [ 277, 129, 260, 74 ]
            },
            "file" : {
              "area" : [ 138, 410, 277, 21 ]
            },
            "select" : {
              "area" : [ 138, 489, 124, 19 ]
            },
            "submit" : {
              "area" : [ 324, 538, 90, 19 ]
            },
            "footer" : {
              "area" : [ 0, 597, 553, 28 ]
            },
            "glavni" : {
              "area" : [ 0, 208, 553, 389 ]
            },
            "header" : {
              "area" : [ 0, 0, 553, 208 ]
            },
            "logo" : {
              "area" : [ 2, 2, 76, 77 ]
            },
            "text" : {
              "area" : [ 138, 333, 128, 19 ]
            }
          },
          "screenshot" : "layout-1-screenshot.png",
          "type" : "layout"
        } ],
        "time" : 1541535195574,
        "type" : "node"
      } ],
      "time" : 1541535191562,
      "type" : "node"
    } ]
  }
}