{
  "testId" : "1-testaddvjezba.gspec",
  "name" : "testAddVjezba.gspec",
  "report" : {
    "nodes" : [ {
      "name" : "Simple check",
      "status" : "info",
      "nodes" : [ {
        "name" : "check  testAddVjezba.gspec --url http://localhost/addVjezba.html --size 1920x1080 --htmlreport addVjezbaIzvjestaj",
        "status" : "info",
        "nodes" : [ {
          "name" : "Check layout: testAddVjezba.gspec included tags: ",
          "status" : "info",
          "time" : 1541439711894,
          "sections" : [ {
            "name" : "Main section",
            "place" : {
              "filePath" : "testAddVjezba.gspec",
              "lineNumber" : 12
            },
            "objects" : [ {
              "name" : "sredina",
              "specs" : [ {
                "status" : "info",
                "place" : {
                  "filePath" : "testAddVjezba.gspec",
                  "lineNumber" : 14
                },
                "name" : "width 100% of screen/width",
                "highlight" : [ "sredina" ]
              } ]
            }, {
              "name" : "osjenceni1",
              "specs" : [ {
                "status" : "info",
                "place" : {
                  "filePath" : "testAddVjezba.gspec",
                  "lineNumber" : 16
                },
                "name" : "inside glavniSadrzaj",
                "highlight" : [ "osjenceni1", "glavniSadrzaj" ]
              } ]
            }, {
              "name" : "osjenceni2",
              "specs" : [ {
                "status" : "info",
                "place" : {
                  "filePath" : "testAddVjezba.gspec",
                  "lineNumber" : 18
                },
                "name" : "inside glavniSadrzaj",
                "highlight" : [ "osjenceni2", "glavniSadrzaj" ]
              } ]
            }, {
              "name" : "glavniSadrzaj",
              "specs" : [ {
                "status" : "info",
                "place" : {
                  "filePath" : "testAddVjezba.gspec",
                  "lineNumber" : 20
                },
                "name" : "inside sredina",
                "highlight" : [ "glavniSadrzaj", "sredina" ]
              }, {
                "status" : "info",
                "place" : {
                  "filePath" : "testAddVjezba.gspec",
                  "lineNumber" : 21
                },
                "name" : "width 84% of sredina/width",
                "highlight" : [ "glavniSadrzaj" ]
              } ]
            }, {
              "name" : "header",
              "specs" : [ {
                "status" : "info",
                "place" : {
                  "filePath" : "testAddVjezba.gspec",
                  "lineNumber" : 23
                },
                "name" : "above glavniSadrzaj",
                "highlight" : [ "header", "glavniSadrzaj" ]
              } ]
            }, {
              "name" : "footer",
              "specs" : [ {
                "status" : "info",
                "place" : {
                  "filePath" : "testAddVjezba.gspec",
                  "lineNumber" : 25
                },
                "name" : "below glavniSadrzaj",
                "highlight" : [ "footer", "glavniSadrzaj" ]
              } ]
            }, {
              "name" : "meni",
              "specs" : [ {
                "status" : "info",
                "place" : {
                  "filePath" : "testAddVjezba.gspec",
                  "lineNumber" : 27
                },
                "name" : "inside header",
                "highlight" : [ "meni", "header" ]
              } ]
            }, {
              "name" : "trenutnaStranica",
              "specs" : [ {
                "status" : "info",
                "place" : {
                  "filePath" : "testAddVjezba.gspec",
                  "lineNumber" : 29
                },
                "name" : "inside header",
                "highlight" : [ "trenutnaStranica", "header" ]
              } ]
            }, {
              "name" : "logo",
              "specs" : [ {
                "status" : "info",
                "place" : {
                  "filePath" : "testAddVjezba.gspec",
                  "lineNumber" : 31
                },
                "name" : "inside header",
                "highlight" : [ "logo", "header" ]
              } ]
            } ]
          } ],
          "objects" : {
            "meni" : {
              "area" : [ 0, 79, 1908, 119 ]
            },
            "glavniSadrzaj" : {
              "area" : [ 143, 199, 1621, 699 ]
            },
            "trenutnaStranica" : {
              "area" : [ 954, 0, 954, 79 ]
            },
            "footer" : {
              "area" : [ 0, 899, 1908, 99 ]
            },
            "osjenceni2" : {
              "area" : [ 548, 472, 810, 412 ]
            },
            "header" : {
              "area" : [ 0, 0, 1908, 199 ]
            },
            "logo" : {
              "area" : [ 0, 0, 954, 79 ]
            },
            "osjenceni1" : {
              "area" : [ 548, 213, 810, 244 ]
            },
            "sredina" : {
              "area" : [ 0, 199, 1908, 699 ]
            }
          },
          "screenshot" : "layout-1-screenshot.png",
          "type" : "layout"
        } ],
        "time" : 1541439709416,
        "type" : "node"
      } ],
      "time" : 1541439702213,
      "type" : "node"
    } ]
  }
}