{
  "testId" : "1-addzadatak.gspec",
  "name" : "addZadatak.gspec",
  "report" : {
    "nodes" : [ {
      "name" : "Simple check",
      "status" : "info",
      "nodes" : [ {
        "name" : "check  addZadatak.gspec --url http://localhost/addZadatak.html --size 1366x768 --htmlreport addZadatakIzvjestaj",
        "status" : "info",
        "nodes" : [ {
          "name" : "Check layout: addZadatak.gspec included tags: ",
          "status" : "info",
          "time" : 1541534053178,
          "sections" : [ {
            "name" : "Header section",
            "place" : {
              "filePath" : "addZadatak.gspec",
              "lineNumber" : 11
            },
            "objects" : [ {
              "name" : "header1",
              "specs" : [ {
                "status" : "info",
                "place" : {
                  "filePath" : "addZadatak.gspec",
                  "lineNumber" : 13
                },
                "name" : "above glavniSadrzaj 0px",
                "highlight" : [ "header1", "glavniSadrzaj" ]
              } ]
            }, {
              "name" : "logo1",
              "specs" : [ {
                "status" : "info",
                "place" : {
                  "filePath" : "addZadatak.gspec",
                  "lineNumber" : 17
                },
                "name" : "inside header1  13px top, 11px left",
                "highlight" : [ "logo1", "header1" ]
              } ]
            }, {
              "name" : "meni1",
              "specs" : [ {
                "status" : "info",
                "place" : {
                  "filePath" : "addZadatak.gspec",
                  "lineNumber" : 21
                },
                "name" : "inside header1",
                "highlight" : [ "meni1", "header1" ]
              }, {
                "status" : "info",
                "place" : {
                  "filePath" : "addZadatak.gspec",
                  "lineNumber" : 22
                },
                "name" : "below logo1",
                "highlight" : [ "meni1", "logo1" ]
              } ]
            } ]
          }, {
            "name" : "Footer section",
            "place" : {
              "filePath" : "addZadatak.gspec",
              "lineNumber" : 33
            },
            "objects" : [ {
              "name" : "footer1",
              "specs" : [ {
                "status" : "info",
                "place" : {
                  "filePath" : "addZadatak.gspec",
                  "lineNumber" : 35
                },
                "name" : "below glavniSadrzaj 0px",
                "highlight" : [ "footer1", "glavniSadrzaj" ]
              } ]
            } ]
          }, {
            "name" : "Main section",
            "place" : {
              "filePath" : "addZadatak.gspec",
              "lineNumber" : 39
            },
            "objects" : [ {
              "name" : "glavniSadrzaj",
              "specs" : [ {
                "status" : "info",
                "place" : {
                  "filePath" : "addZadatak.gspec",
                  "lineNumber" : 41
                },
                "name" : "centered horizontally inside body",
                "highlight" : [ "glavniSadrzaj", "body" ]
              } ]
            }, {
              "name" : "noviZadatak",
              "specs" : [ {
                "status" : "info",
                "place" : {
                  "filePath" : "addZadatak.gspec",
                  "lineNumber" : 50
                },
                "name" : "inside glavniSadrzaj",
                "highlight" : [ "noviZadatak", "glavniSadrzaj" ]
              } ]
            } ]
          } ],
          "objects" : {
            "meni1" : {
              "area" : [ 11, 68, 1315, 18 ]
            },
            "footer1" : {
              "area" : [ 0, 786, 1337, 61 ]
            },
            "glavniSadrzaj" : {
              "area" : [ 100, 99, 1136, 687 ]
            },
            "header1" : {
              "area" : [ 0, 0, 1337, 99 ]
            },
            "logo1" : {
              "area" : [ 11, 13, 1315, 55 ]
            },
            "body" : {
              "area" : [ 0, 0, 1337, 687 ]
            },
            "noviZadatak" : {
              "area" : [ 327, 139, 681, 618 ]
            }
          },
          "screenshot" : "layout-1-screenshot.png",
          "type" : "layout"
        } ],
        "time" : 1541534051386,
        "type" : "node"
      } ],
      "time" : 1541534043815,
      "type" : "node"
    } ]
  }
}