{
  "testId" : "1-testzastudenti.gspec",
  "name" : "testZaStudenti.gspec",
  "report" : {
    "nodes" : [ {
      "name" : "Simple check",
      "status" : "info",
      "nodes" : [ {
        "name" : "check  testZaStudenti.gspec --url http://localhost/studenti.html --size 1024x768 --htmlreport izvjestajZaStudenti",
        "status" : "info",
        "nodes" : [ {
          "name" : "Check layout: testZaStudenti.gspec included tags: ",
          "status" : "info",
          "time" : 1541455779970,
          "sections" : [ {
            "name" : "Header section",
            "place" : {
              "filePath" : "testZaStudenti.gspec",
              "lineNumber" : 8
            },
            "objects" : [ {
              "name" : "header",
              "specs" : [ {
                "status" : "info",
                "place" : {
                  "filePath" : "testZaStudenti.gspec",
                  "lineNumber" : 10
                },
                "name" : "width ~100% of screen/width",
                "highlight" : [ "header" ]
              } ]
            }, {
              "name" : "meni",
              "specs" : [ {
                "status" : "info",
                "place" : {
                  "filePath" : "testZaStudenti.gspec",
                  "lineNumber" : 12
                },
                "name" : "inside header",
                "highlight" : [ "meni", "header" ]
              } ]
            }, {
              "name" : "logo",
              "specs" : [ {
                "status" : "info",
                "place" : {
                  "filePath" : "testZaStudenti.gspec",
                  "lineNumber" : 14
                },
                "name" : "inside header",
                "highlight" : [ "logo", "header" ]
              }, {
                "status" : "info",
                "place" : {
                  "filePath" : "testZaStudenti.gspec",
                  "lineNumber" : 15
                },
                "name" : "above meni",
                "highlight" : [ "logo", "meni" ]
              } ]
            } ]
          }, {
            "name" : "Main section",
            "place" : {
              "filePath" : "testZaStudenti.gspec",
              "lineNumber" : 16
            },
            "objects" : [ {
              "name" : "side",
              "specs" : [ {
                "status" : "info",
                "place" : {
                  "filePath" : "testZaStudenti.gspec",
                  "lineNumber" : 18
                },
                "name" : "width ~35% of screen/width",
                "highlight" : [ "side" ]
              } ]
            }, {
              "name" : "glavniSadrzaj",
              "specs" : [ {
                "status" : "info",
                "place" : {
                  "filePath" : "testZaStudenti.gspec",
                  "lineNumber" : 20
                },
                "name" : "width ~65% of screen/width",
                "highlight" : [ "glavniSadrzaj" ]
              } ]
            }, {
              "name" : "footer",
              "specs" : [ {
                "status" : "info",
                "place" : {
                  "filePath" : "testZaStudenti.gspec",
                  "lineNumber" : 23
                },
                "name" : "width ~100% of screen/width",
                "highlight" : [ "footer" ]
              } ]
            } ]
          } ],
          "objects" : {
            "meni" : {
              "area" : [ 0, 62, 1012, 21 ]
            },
            "side" : {
              "area" : [ 0, 91, 354, 480 ]
            },
            "glavniSadrzaj" : {
              "area" : [ 354, 91, 657, 480 ]
            },
            "footer" : {
              "area" : [ 0, 570, 1012, 40 ]
            },
            "header" : {
              "area" : [ 0, 0, 1012, 91 ]
            },
            "logo" : {
              "area" : [ 10, 6, 53, 40 ]
            }
          },
          "screenshot" : "layout-1-screenshot.png",
          "type" : "layout"
        } ],
        "time" : 1541455778797,
        "type" : "node"
      } ],
      "time" : 1541455771933,
      "type" : "node"
    } ]
  }
}