{
  "testId" : "1-vjezba.gspec",
  "name" : "Vjezba.gspec",
  "report" : {
    "nodes" : [ {
      "name" : "Simple check",
      "status" : "info",
      "nodes" : [ {
        "name" : "check  Vjezba.gspec --url http://localhost/studenti.html --size 1024x768 --htmlreport izvjestajZaStudenti",
        "status" : "info",
        "nodes" : [ {
          "name" : "Check layout: Vjezba.gspec included tags: ",
          "status" : "info",
          "time" : 1541161849873,
          "sections" : [ {
            "name" : "Header section",
            "place" : {
              "filePath" : "Vjezba.gspec",
              "lineNumber" : 5
            },
            "objects" : [ {
              "name" : "header",
              "specs" : [ {
                "status" : "info",
                "place" : {
                  "filePath" : "Vjezba.gspec",
                  "lineNumber" : 7
                },
                "name" : "width > 0 px",
                "highlight" : [ "header" ]
              } ]
            } ]
          }, {
            "name" : "Main section",
            "place" : {
              "filePath" : "Vjezba.gspec",
              "lineNumber" : 8
            },
            "objects" : [ {
              "name" : "side",
              "specs" : [ {
                "status" : "info",
                "place" : {
                  "filePath" : "Vjezba.gspec",
                  "lineNumber" : 10
                },
                "name" : "width ~35% of screen/width",
                "highlight" : [ "side" ]
              } ]
            }, {
              "name" : "glavniSadrzaj",
              "specs" : [ {
                "status" : "info",
                "place" : {
                  "filePath" : "Vjezba.gspec",
                  "lineNumber" : 12
                },
                "name" : "width ~65% of screen/width",
                "highlight" : [ "glavniSadrzaj" ]
              } ]
            } ]
          } ],
          "objects" : {
            "side" : {
              "area" : [ 0, 91, 354, 480 ]
            },
            "glavniSadrzaj" : {
              "area" : [ 354, 91, 657, 480 ]
            },
            "header" : {
              "area" : [ 0, 0, 1012, 91 ]
            }
          },
          "screenshot" : "layout-1-screenshot.png",
          "type" : "layout"
        } ],
        "time" : 1541161849017,
        "type" : "node"
      } ],
      "time" : 1541161843196,
      "type" : "node"
    } ]
  }
}