{
  "testId" : "1-chrome-desktop-",
  "name" : "chrome(desktop)",
  "report" : {
    "nodes" : [ {
      "name" : "Check layout: specs/studenti.gspec included tags: desktop",
      "status" : "info",
      "time" : 1541347173336,
      "includedTags" : [ "desktop" ],
      "sections" : [ {
        "name" : "Header",
        "place" : {
          "filePath" : "specs/studenti.gspec",
          "lineNumber" : 6
        },
        "objects" : [ {
          "name" : "sporedni",
          "specs" : [ {
            "status" : "info",
            "place" : {
              "filePath" : "specs/studenti.gspec",
              "lineNumber" : 19
            },
            "name" : "width 34 to 36 % of main/width",
            "meta" : [ {
              "from" : {
                "object" : "sporedni",
                "edge" : "left"
              },
              "to" : {
                "object" : "sporedni",
                "edge" : "right"
              },
              "expectedDistance" : "34 to 36% [647 to 685px]",
              "realDistance" : "34% [666px]"
            } ],
            "highlight" : [ "sporedni" ]
          }, {
            "status" : "info",
            "place" : {
              "filePath" : "specs/studenti.gspec",
              "lineNumber" : 25
            },
            "name" : "left-of glavni 0 to 5 px",
            "meta" : [ {
              "from" : {
                "object" : "sporedni",
                "edge" : "right"
              },
              "to" : {
                "object" : "glavni",
                "edge" : "left"
              },
              "expectedDistance" : "0 to 5px",
              "realDistance" : "1px"
            } ],
            "highlight" : [ "sporedni", "glavni" ]
          } ]
        }, {
          "name" : "glavni",
          "specs" : [ {
            "status" : "info",
            "place" : {
              "filePath" : "specs/studenti.gspec",
              "lineNumber" : 22
            },
            "name" : "width 64 to 66 % of main/width",
            "meta" : [ {
              "from" : {
                "object" : "glavni",
                "edge" : "left"
              },
              "to" : {
                "object" : "glavni",
                "edge" : "right"
              },
              "expectedDistance" : "64 to 66% [1218 to 1256px]",
              "realDistance" : "64% [1237px]"
            } ],
            "highlight" : [ "glavni" ]
          } ]
        } ]
      } ],
      "objects" : {
        "glavni" : {
          "area" : [ 667, 145, 1237, 793 ]
        },
        "sporedni" : {
          "area" : [ 0, 145, 666, 794 ]
        }
      },
      "screenshot" : "layout-4-screenshot.png",
      "type" : "layout"
    } ]
  }
}