{
  "testId" : "1-firefox-desktop-",
  "name" : "firefox(desktop)",
  "report" : {
    "nodes" : [ {
      "name" : "Check layout: specs/template.gspec included tags: desktop",
      "status" : "info",
      "time" : 1541346620360,
      "includedTags" : [ "desktop" ],
      "sections" : [ {
        "name" : "Header",
        "place" : {
          "filePath" : "specs/template.gspec",
          "lineNumber" : 6
        },
        "objects" : [ {
          "name" : "naziv-stranice",
          "specs" : [ {
            "status" : "info",
            "place" : {
              "filePath" : "specs/template.gspec",
              "lineNumber" : 16
            },
            "name" : "above meni 5 to 25 px",
            "meta" : [ {
              "from" : {
                "object" : "naziv-stranice",
                "edge" : "bottom"
              },
              "to" : {
                "object" : "meni",
                "edge" : "top"
              },
              "expectedDistance" : "5 to 25px",
              "realDistance" : "24px"
            } ],
            "highlight" : [ "naziv-stranice", "meni" ]
          }, {
            "status" : "info",
            "place" : {
              "filePath" : "specs/template.gspec",
              "lineNumber" : 19
            },
            "name" : "inside header",
            "meta" : [ ],
            "highlight" : [ "naziv-stranice", "header" ]
          } ]
        } ]
      } ],
      "objects" : {
        "naziv-stranice" : {
          "area" : [ 1643, 39, 244, 27 ]
        },
        "meni" : {
          "area" : [ 0, 90, 1908, 54 ]
        },
        "header" : {
          "area" : [ 0, 0, 1908, 144 ]
        }
      },
      "screenshot" : "layout-3-screenshot.png",
      "type" : "layout"
    } ]
  }
}