{
  "testId" : "1-firefox-mobile-",
  "name" : "firefox(mobile)",
  "report" : {
    "nodes" : [ {
      "name" : "Check layout: specs/login.gspec included tags: mobile",
      "status" : "info",
      "time" : 1541347629062,
      "includedTags" : [ "mobile" ],
      "sections" : [ {
        "name" : "Header",
        "place" : {
          "filePath" : "specs/login.gspec",
          "lineNumber" : 7
        },
        "objects" : [ {
          "name" : "username-text",
          "specs" : [ {
            "status" : "info",
            "place" : {
              "filePath" : "specs/login.gspec",
              "lineNumber" : 9
            },
            "name" : "left-of username-input 5 to 25 px",
            "meta" : [ {
              "from" : {
                "object" : "username-text",
                "edge" : "right"
              },
              "to" : {
                "object" : "username-input",
                "edge" : "left"
              },
              "expectedDistance" : "5 to 25px",
              "realDistance" : "10px"
            } ],
            "highlight" : [ "username-text", "username-input" ]
          } ]
        }, {
          "name" : "password-text",
          "specs" : [ {
            "status" : "info",
            "place" : {
              "filePath" : "specs/login.gspec",
              "lineNumber" : 12
            },
            "name" : "left-of password-input 5 to 25 px",
            "meta" : [ {
              "from" : {
                "object" : "password-text",
                "edge" : "right"
              },
              "to" : {
                "object" : "password-input",
                "edge" : "left"
              },
              "expectedDistance" : "5 to 25px",
              "realDistance" : "10px"
            } ],
            "highlight" : [ "password-text", "password-input" ]
          } ]
        } ]
      } ],
      "objects" : {
        "password-text" : {
          "area" : [ 147, 231, 61, 36 ]
        },
        "password-input" : {
          "area" : [ 218, 234, 205, 44 ]
        },
        "username-text" : {
          "area" : [ 147, 166, 61, 36 ]
        },
        "username-input" : {
          "area" : [ 218, 170, 205, 44 ]
        }
      },
      "screenshot" : "layout-2-screenshot.png",
      "type" : "layout"
    }, {
      "name" : "Check layout: specs/template.gspec included tags: mobile",
      "status" : "info",
      "time" : 1541347634189,
      "includedTags" : [ "mobile" ],
      "sections" : [ {
        "name" : "Header",
        "place" : {
          "filePath" : "specs/template.gspec",
          "lineNumber" : 6
        },
        "objects" : [ {
          "name" : "naziv-stranice",
          "specs" : [ {
            "status" : "info",
            "place" : {
              "filePath" : "specs/template.gspec",
              "lineNumber" : 9
            },
            "name" : "below meni 5 to 25 px",
            "meta" : [ {
              "from" : {
                "object" : "naziv-stranice",
                "edge" : "top"
              },
              "to" : {
                "object" : "meni",
                "edge" : "bottom"
              },
              "expectedDistance" : "5 to 25px",
              "realDistance" : "19px"
            } ],
            "highlight" : [ "naziv-stranice", "meni" ]
          }, {
            "status" : "info",
            "place" : {
              "filePath" : "specs/template.gspec",
              "lineNumber" : 12
            },
            "name" : "inside header",
            "meta" : [ ],
            "highlight" : [ "naziv-stranice", "header" ]
          } ]
        } ]
      } ],
      "objects" : {
        "naziv-stranice" : {
          "area" : [ 0, 207, 571, 51 ]
        },
        "meni" : {
          "area" : [ 0, 90, 571, 98 ]
        },
        "header" : {
          "area" : [ 0, 0, 571, 278 ]
        }
      },
      "screenshot" : "layout-6-screenshot.png",
      "type" : "layout"
    }, {
      "name" : "Check layout: specs/studenti.gspec included tags: mobile",
      "status" : "info",
      "time" : 1541347634473,
      "includedTags" : [ "mobile" ],
      "sections" : [ {
        "name" : "Header",
        "place" : {
          "filePath" : "specs/studenti.gspec",
          "lineNumber" : 6
        },
        "objects" : [ {
          "name" : "sporedni",
          "specs" : [ {
            "status" : "info",
            "place" : {
              "filePath" : "specs/studenti.gspec",
              "lineNumber" : 9
            },
            "name" : "width 100 % of main/width",
            "meta" : [ {
              "from" : {
                "object" : "sporedni",
                "edge" : "left"
              },
              "to" : {
                "object" : "sporedni",
                "edge" : "right"
              },
              "expectedDistance" : "100% [571px]",
              "realDistance" : "100% [571px]"
            } ],
            "highlight" : [ "sporedni" ]
          }, {
            "status" : "info",
            "place" : {
              "filePath" : "specs/studenti.gspec",
              "lineNumber" : 15
            },
            "name" : "above glavni 0 to 5 px",
            "meta" : [ {
              "from" : {
                "object" : "sporedni",
                "edge" : "bottom"
              },
              "to" : {
                "object" : "glavni",
                "edge" : "top"
              },
              "expectedDistance" : "0 to 5px",
              "realDistance" : "1px"
            } ],
            "highlight" : [ "sporedni", "glavni" ]
          } ]
        }, {
          "name" : "glavni",
          "specs" : [ {
            "status" : "info",
            "place" : {
              "filePath" : "specs/studenti.gspec",
              "lineNumber" : 12
            },
            "name" : "width 100 % of main/width",
            "meta" : [ {
              "from" : {
                "object" : "glavni",
                "edge" : "left"
              },
              "to" : {
                "object" : "glavni",
                "edge" : "right"
              },
              "expectedDistance" : "100% [571px]",
              "realDistance" : "100% [571px]"
            } ],
            "highlight" : [ "glavni" ]
          } ]
        } ]
      } ],
      "objects" : {
        "glavni" : {
          "area" : [ 0, 694, 571, 415 ]
        },
        "sporedni" : {
          "area" : [ 0, 278, 571, 415 ]
        }
      },
      "screenshot" : "layout-8-screenshot.png",
      "type" : "layout"
    }, {
      "name" : "Check layout: specs/template.gspec included tags: mobile",
      "status" : "info",
      "time" : 1541347638856,
      "includedTags" : [ "mobile" ],
      "sections" : [ {
        "name" : "Header",
        "place" : {
          "filePath" : "specs/template.gspec",
          "lineNumber" : 6
        },
        "objects" : [ {
          "name" : "naziv-stranice",
          "specs" : [ {
            "status" : "info",
            "place" : {
              "filePath" : "specs/template.gspec",
              "lineNumber" : 9
            },
            "name" : "below meni 5 to 25 px",
            "meta" : [ {
              "from" : {
                "object" : "naziv-stranice",
                "edge" : "top"
              },
              "to" : {
                "object" : "meni",
                "edge" : "bottom"
              },
              "expectedDistance" : "5 to 25px",
              "realDistance" : "19px"
            } ],
            "highlight" : [ "naziv-stranice", "meni" ]
          }, {
            "status" : "info",
            "place" : {
              "filePath" : "specs/template.gspec",
              "lineNumber" : 12
            },
            "name" : "inside header",
            "meta" : [ ],
            "highlight" : [ "naziv-stranice", "header" ]
          } ]
        } ]
      } ],
      "objects" : {
        "naziv-stranice" : {
          "area" : [ 0, 207, 571, 51 ]
        },
        "meni" : {
          "area" : [ 0, 90, 571, 98 ]
        },
        "header" : {
          "area" : [ 0, 0, 571, 278 ]
        }
      },
      "screenshot" : "layout-13-screenshot.png",
      "type" : "layout"
    }, {
      "name" : "Check layout: specs/zadaci.gspec included tags: mobile",
      "status" : "info",
      "time" : 1541347639174,
      "includedTags" : [ "mobile" ],
      "sections" : [ {
        "name" : "Header",
        "place" : {
          "filePath" : "specs/zadaci.gspec",
          "lineNumber" : 7
        },
        "objects" : [ {
          "name" : "cetvrtina1",
          "specs" : [ {
            "status" : "info",
            "place" : {
              "filePath" : "specs/zadaci.gspec",
              "lineNumber" : 10
            },
            "name" : "width 100 % of main/width",
            "meta" : [ {
              "from" : {
                "object" : "cetvrtina1",
                "edge" : "left"
              },
              "to" : {
                "object" : "cetvrtina1",
                "edge" : "right"
              },
              "expectedDistance" : "100% [571px]",
              "realDistance" : "100% [571px]"
            } ],
            "highlight" : [ "cetvrtina1" ]
          }, {
            "status" : "info",
            "place" : {
              "filePath" : "specs/zadaci.gspec",
              "lineNumber" : 19
            },
            "name" : "above cetvrtina2 0 to 5 px",
            "meta" : [ {
              "from" : {
                "object" : "cetvrtina1",
                "edge" : "bottom"
              },
              "to" : {
                "object" : "cetvrtina2",
                "edge" : "top"
              },
              "expectedDistance" : "0 to 5px",
              "realDistance" : "1px"
            } ],
            "highlight" : [ "cetvrtina1", "cetvrtina2" ]
          } ]
        }, {
          "name" : "cetvrtina2",
          "specs" : [ {
            "status" : "info",
            "place" : {
              "filePath" : "specs/zadaci.gspec",
              "lineNumber" : 13
            },
            "name" : "width 100 % of main/width",
            "meta" : [ {
              "from" : {
                "object" : "cetvrtina2",
                "edge" : "left"
              },
              "to" : {
                "object" : "cetvrtina2",
                "edge" : "right"
              },
              "expectedDistance" : "100% [571px]",
              "realDistance" : "100% [571px]"
            } ],
            "highlight" : [ "cetvrtina2" ]
          }, {
            "status" : "info",
            "place" : {
              "filePath" : "specs/zadaci.gspec",
              "lineNumber" : 22
            },
            "name" : "above polovina 0 to 5 px",
            "meta" : [ {
              "from" : {
                "object" : "cetvrtina2",
                "edge" : "bottom"
              },
              "to" : {
                "object" : "polovina",
                "edge" : "top"
              },
              "expectedDistance" : "0 to 5px",
              "realDistance" : "0px"
            } ],
            "highlight" : [ "cetvrtina2", "polovina" ]
          } ]
        }, {
          "name" : "polovina",
          "specs" : [ {
            "status" : "info",
            "place" : {
              "filePath" : "specs/zadaci.gspec",
              "lineNumber" : 16
            },
            "name" : "width 100 % of main/width",
            "meta" : [ {
              "from" : {
                "object" : "polovina",
                "edge" : "left"
              },
              "to" : {
                "object" : "polovina",
                "edge" : "right"
              },
              "expectedDistance" : "100% [571px]",
              "realDistance" : "100% [571px]"
            } ],
            "highlight" : [ "polovina" ]
          } ]
        } ]
      } ],
      "objects" : {
        "cetvrtina1" : {
          "area" : [ 0, 278, 571, 415 ]
        },
        "cetvrtina2" : {
          "area" : [ 0, 694, 571, 415 ]
        },
        "polovina" : {
          "area" : [ 0, 1109, 571, 420 ]
        }
      },
      "screenshot" : "layout-14-screenshot.png",
      "type" : "layout"
    }, {
      "name" : "Check layout: specs/template.gspec included tags: mobile",
      "status" : "info",
      "time" : 1541347643777,
      "includedTags" : [ "mobile" ],
      "sections" : [ {
        "name" : "Header",
        "place" : {
          "filePath" : "specs/template.gspec",
          "lineNumber" : 6
        },
        "objects" : [ {
          "name" : "naziv-stranice",
          "specs" : [ {
            "status" : "info",
            "place" : {
              "filePath" : "specs/template.gspec",
              "lineNumber" : 9
            },
            "name" : "below meni 5 to 25 px",
            "meta" : [ {
              "from" : {
                "object" : "naziv-stranice",
                "edge" : "top"
              },
              "to" : {
                "object" : "meni",
                "edge" : "bottom"
              },
              "expectedDistance" : "5 to 25px",
              "realDistance" : "19px"
            } ],
            "highlight" : [ "naziv-stranice", "meni" ]
          }, {
            "status" : "info",
            "place" : {
              "filePath" : "specs/template.gspec",
              "lineNumber" : 12
            },
            "name" : "inside header",
            "meta" : [ ],
            "highlight" : [ "naziv-stranice", "header" ]
          } ]
        } ]
      } ],
      "objects" : {
        "naziv-stranice" : {
          "area" : [ 0, 207, 571, 51 ]
        },
        "meni" : {
          "area" : [ 0, 90, 571, 98 ]
        },
        "header" : {
          "area" : [ 0, 0, 571, 278 ]
        }
      },
      "screenshot" : "layout-21-screenshot.png",
      "type" : "layout"
    }, {
      "name" : "Check layout: specs/template.gspec included tags: mobile",
      "status" : "info",
      "time" : 1541347648180,
      "includedTags" : [ "mobile" ],
      "sections" : [ {
        "name" : "Header",
        "place" : {
          "filePath" : "specs/template.gspec",
          "lineNumber" : 6
        },
        "objects" : [ {
          "name" : "naziv-stranice",
          "specs" : [ {
            "status" : "info",
            "place" : {
              "filePath" : "specs/template.gspec",
              "lineNumber" : 9
            },
            "name" : "below meni 5 to 25 px",
            "meta" : [ {
              "from" : {
                "object" : "naziv-stranice",
                "edge" : "top"
              },
              "to" : {
                "object" : "meni",
                "edge" : "bottom"
              },
              "expectedDistance" : "5 to 25px",
              "realDistance" : "19px"
            } ],
            "highlight" : [ "naziv-stranice", "meni" ]
          }, {
            "status" : "info",
            "place" : {
              "filePath" : "specs/template.gspec",
              "lineNumber" : 12
            },
            "name" : "inside header",
            "meta" : [ ],
            "highlight" : [ "naziv-stranice", "header" ]
          } ]
        } ]
      } ],
      "objects" : {
        "naziv-stranice" : {
          "area" : [ 0, 207, 571, 51 ]
        },
        "meni" : {
          "area" : [ 0, 90, 571, 98 ]
        },
        "header" : {
          "area" : [ 0, 0, 571, 278 ]
        }
      },
      "screenshot" : "layout-25-screenshot.png",
      "type" : "layout"
    }, {
      "name" : "Check layout: specs/addZadatak.gspec included tags: mobile",
      "status" : "info",
      "time" : 1541347648456,
      "includedTags" : [ "mobile" ],
      "sections" : [ {
        "name" : "Header",
        "place" : {
          "filePath" : "specs/addZadatak.gspec",
          "lineNumber" : 5
        },
        "objects" : [ {
          "name" : "glavni",
          "specs" : [ {
            "status" : "info",
            "place" : {
              "filePath" : "specs/addZadatak.gspec",
              "lineNumber" : 8
            },
            "name" : "width 100 % of main/width",
            "meta" : [ {
              "from" : {
                "object" : "glavni",
                "edge" : "left"
              },
              "to" : {
                "object" : "glavni",
                "edge" : "right"
              },
              "expectedDistance" : "100% [571px]",
              "realDistance" : "100% [571px]"
            } ],
            "highlight" : [ "glavni" ]
          } ]
        } ]
      } ],
      "objects" : {
        "glavni" : {
          "area" : [ 0, 278, 571, 621 ]
        }
      },
      "screenshot" : "layout-26-screenshot.png",
      "type" : "layout"
    }, {
      "name" : "Check layout: specs/template.gspec included tags: mobile",
      "status" : "info",
      "time" : 1541347652910,
      "includedTags" : [ "mobile" ],
      "sections" : [ {
        "name" : "Header",
        "place" : {
          "filePath" : "specs/template.gspec",
          "lineNumber" : 6
        },
        "objects" : [ {
          "name" : "naziv-stranice",
          "specs" : [ {
            "status" : "info",
            "place" : {
              "filePath" : "specs/template.gspec",
              "lineNumber" : 9
            },
            "name" : "below meni 5 to 25 px",
            "meta" : [ {
              "from" : {
                "object" : "naziv-stranice",
                "edge" : "top"
              },
              "to" : {
                "object" : "meni",
                "edge" : "bottom"
              },
              "expectedDistance" : "5 to 25px",
              "realDistance" : "19px"
            } ],
            "highlight" : [ "naziv-stranice", "meni" ]
          }, {
            "status" : "info",
            "place" : {
              "filePath" : "specs/template.gspec",
              "lineNumber" : 12
            },
            "name" : "inside header",
            "meta" : [ ],
            "highlight" : [ "naziv-stranice", "header" ]
          } ]
        } ]
      } ],
      "objects" : {
        "naziv-stranice" : {
          "area" : [ 0, 207, 571, 51 ]
        },
        "meni" : {
          "area" : [ 0, 90, 571, 98 ]
        },
        "header" : {
          "area" : [ 0, 0, 571, 278 ]
        }
      },
      "screenshot" : "layout-33-screenshot.png",
      "type" : "layout"
    }, {
      "name" : "Check layout: specs/addVjezba.gspec included tags: mobile",
      "status" : "info",
      "time" : 1541347653107,
      "includedTags" : [ "mobile" ],
      "sections" : [ {
        "name" : "Header",
        "place" : {
          "filePath" : "specs/addVjezba.gspec",
          "lineNumber" : 7
        },
        "objects" : [ {
          "name" : "glavni",
          "specs" : [ {
            "status" : "info",
            "place" : {
              "filePath" : "specs/addVjezba.gspec",
              "lineNumber" : 10
            },
            "name" : "width 100 % of main/width",
            "meta" : [ {
              "from" : {
                "object" : "glavni",
                "edge" : "left"
              },
              "to" : {
                "object" : "glavni",
                "edge" : "right"
              },
              "expectedDistance" : "100% [571px]",
              "realDistance" : "100% [571px]"
            } ],
            "highlight" : [ "glavni" ]
          } ]
        }, {
          "name" : "forma1",
          "specs" : [ {
            "status" : "info",
            "place" : {
              "filePath" : "specs/addVjezba.gspec",
              "lineNumber" : 13
            },
            "name" : "above forma2 5 to 100 px",
            "meta" : [ {
              "from" : {
                "object" : "forma1",
                "edge" : "bottom"
              },
              "to" : {
                "object" : "forma2",
                "edge" : "top"
              },
              "expectedDistance" : "5 to 100px",
              "realDistance" : "12px"
            } ],
            "highlight" : [ "forma1", "forma2" ]
          } ]
        } ]
      } ],
      "objects" : {
        "glavni" : {
          "area" : [ 0, 278, 571, 764 ]
        },
        "forma2" : {
          "area" : [ 57, 530, 456, 370 ]
        },
        "forma1" : {
          "area" : [ 57, 301, 456, 217 ]
        }
      },
      "screenshot" : "layout-34-screenshot.png",
      "type" : "layout"
    }, {
      "name" : "Check layout: specs/template.gspec included tags: mobile",
      "status" : "info",
      "time" : 1541347657740,
      "includedTags" : [ "mobile" ],
      "sections" : [ {
        "name" : "Header",
        "place" : {
          "filePath" : "specs/template.gspec",
          "lineNumber" : 6
        },
        "objects" : [ {
          "name" : "naziv-stranice",
          "specs" : [ {
            "status" : "info",
            "place" : {
              "filePath" : "specs/template.gspec",
              "lineNumber" : 9
            },
            "name" : "below meni 5 to 25 px",
            "meta" : [ {
              "from" : {
                "object" : "naziv-stranice",
                "edge" : "top"
              },
              "to" : {
                "object" : "meni",
                "edge" : "bottom"
              },
              "expectedDistance" : "5 to 25px",
              "realDistance" : "19px"
            } ],
            "highlight" : [ "naziv-stranice", "meni" ]
          }, {
            "status" : "info",
            "place" : {
              "filePath" : "specs/template.gspec",
              "lineNumber" : 12
            },
            "name" : "inside header",
            "meta" : [ ],
            "highlight" : [ "naziv-stranice", "header" ]
          } ]
        } ]
      } ],
      "objects" : {
        "naziv-stranice" : {
          "area" : [ 0, 207, 571, 51 ]
        },
        "meni" : {
          "area" : [ 0, 90, 571, 98 ]
        },
        "header" : {
          "area" : [ 0, 0, 571, 278 ]
        }
      },
      "screenshot" : "layout-40-screenshot.png",
      "type" : "layout"
    }, {
      "name" : "Check layout: specs/addStudent.gspec included tags: mobile",
      "status" : "info",
      "time" : 1541347657986,
      "includedTags" : [ "mobile" ],
      "sections" : [ {
        "name" : "Header",
        "place" : {
          "filePath" : "specs/addStudent.gspec",
          "lineNumber" : 7
        },
        "objects" : [ {
          "name" : "glavni",
          "specs" : [ {
            "status" : "info",
            "place" : {
              "filePath" : "specs/addStudent.gspec",
              "lineNumber" : 10
            },
            "name" : "width 100 % of main/width",
            "meta" : [ {
              "from" : {
                "object" : "glavni",
                "edge" : "left"
              },
              "to" : {
                "object" : "glavni",
                "edge" : "right"
              },
              "expectedDistance" : "100% [571px]",
              "realDistance" : "100% [571px]"
            } ],
            "highlight" : [ "glavni" ]
          } ]
        }, {
          "name" : "forma1",
          "specs" : [ {
            "status" : "info",
            "place" : {
              "filePath" : "specs/addStudent.gspec",
              "lineNumber" : 13
            },
            "name" : "above forma2 5 to 100 px",
            "meta" : [ {
              "from" : {
                "object" : "forma1",
                "edge" : "bottom"
              },
              "to" : {
                "object" : "forma2",
                "edge" : "top"
              },
              "expectedDistance" : "5 to 100px",
              "realDistance" : "13px"
            } ],
            "highlight" : [ "forma1", "forma2" ]
          } ]
        } ]
      } ],
      "objects" : {
        "glavni" : {
          "area" : [ 0, 278, 571, 765 ]
        },
        "forma2" : {
          "area" : [ 57, 678, 456, 224 ]
        },
        "forma1" : {
          "area" : [ 57, 301, 456, 364 ]
        }
      },
      "screenshot" : "layout-42-screenshot.png",
      "type" : "layout"
    }, {
      "name" : "Check layout: specs/template.gspec included tags: mobile",
      "status" : "info",
      "time" : 1541347662331,
      "includedTags" : [ "mobile" ],
      "sections" : [ {
        "name" : "Header",
        "place" : {
          "filePath" : "specs/template.gspec",
          "lineNumber" : 6
        },
        "objects" : [ {
          "name" : "naziv-stranice",
          "specs" : [ {
            "status" : "info",
            "place" : {
              "filePath" : "specs/template.gspec",
              "lineNumber" : 9
            },
            "name" : "below meni 5 to 25 px",
            "meta" : [ {
              "from" : {
                "object" : "naziv-stranice",
                "edge" : "top"
              },
              "to" : {
                "object" : "meni",
                "edge" : "bottom"
              },
              "expectedDistance" : "5 to 25px",
              "realDistance" : "19px"
            } ],
            "highlight" : [ "naziv-stranice", "meni" ]
          }, {
            "status" : "info",
            "place" : {
              "filePath" : "specs/template.gspec",
              "lineNumber" : 12
            },
            "name" : "inside header",
            "meta" : [ ],
            "highlight" : [ "naziv-stranice", "header" ]
          } ]
        } ]
      } ],
      "objects" : {
        "naziv-stranice" : {
          "area" : [ 0, 207, 571, 51 ]
        },
        "meni" : {
          "area" : [ 0, 90, 571, 98 ]
        },
        "header" : {
          "area" : [ 0, 0, 571, 278 ]
        }
      },
      "screenshot" : "layout-47-screenshot.png",
      "type" : "layout"
    }, {
      "name" : "Check layout: specs/addGodina.gspec included tags: mobile",
      "status" : "info",
      "time" : 1541347662521,
      "includedTags" : [ "mobile" ],
      "sections" : [ {
        "name" : "Header",
        "place" : {
          "filePath" : "specs/addGodina.gspec",
          "lineNumber" : 6
        },
        "objects" : [ {
          "name" : "sporedni",
          "specs" : [ {
            "status" : "info",
            "place" : {
              "filePath" : "specs/addGodina.gspec",
              "lineNumber" : 9
            },
            "name" : "above glavni 0 to 25 px",
            "meta" : [ {
              "from" : {
                "object" : "sporedni",
                "edge" : "bottom"
              },
              "to" : {
                "object" : "glavni",
                "edge" : "top"
              },
              "expectedDistance" : "0 to 25px",
              "realDistance" : "1px"
            } ],
            "highlight" : [ "sporedni", "glavni" ]
          }, {
            "status" : "info",
            "place" : {
              "filePath" : "specs/addGodina.gspec",
              "lineNumber" : 12
            },
            "name" : "width 100 % of main/width",
            "meta" : [ {
              "from" : {
                "object" : "sporedni",
                "edge" : "left"
              },
              "to" : {
                "object" : "sporedni",
                "edge" : "right"
              },
              "expectedDistance" : "100% [571px]",
              "realDistance" : "100% [571px]"
            } ],
            "highlight" : [ "sporedni" ]
          } ]
        }, {
          "name" : "glavni",
          "specs" : [ {
            "status" : "info",
            "place" : {
              "filePath" : "specs/addGodina.gspec",
              "lineNumber" : 15
            },
            "name" : "width 100 % of main/width",
            "meta" : [ {
              "from" : {
                "object" : "glavni",
                "edge" : "left"
              },
              "to" : {
                "object" : "glavni",
                "edge" : "right"
              },
              "expectedDistance" : "100% [571px]",
              "realDistance" : "100% [571px]"
            } ],
            "highlight" : [ "glavni" ]
          } ]
        } ]
      } ],
      "objects" : {
        "glavni" : {
          "area" : [ 0, 694, 571, 415 ]
        },
        "sporedni" : {
          "area" : [ 0, 278, 571, 415 ]
        }
      },
      "screenshot" : "layout-48-screenshot.png",
      "type" : "layout"
    } ]
  }
}