{
  "testId" : "1-specs-login.gspec",
  "name" : "specs/login.gspec",
  "report" : {
    "nodes" : [ {
      "name" : "Simple check",
      "status" : "info",
      "nodes" : [ {
        "name" : "check  specs/login.gspec --url file:///D:/Downloads/Opera/Spirala%201-20181031T222711Z-001/Spirala%201/login.html --size 600x600 --htmlreport reports",
        "status" : "info",
        "nodes" : [ {
          "name" : "Check layout: specs/login.gspec included tags: ",
          "status" : "info",
          "time" : 1541335106700,
          "sections" : [ {
            "name" : "Header",
            "place" : {
              "filePath" : "specs/login.gspec",
              "lineNumber" : 5
            },
            "objects" : [ {
              "name" : "username-text",
              "specs" : [ {
                "status" : "info",
                "place" : {
                  "filePath" : "specs/login.gspec",
                  "lineNumber" : 7
                },
                "name" : "left-of username-input 5 to 25 px",
                "meta" : [ {
                  "from" : {
                    "object" : "username-text",
                    "edge" : "right"
                  },
                  "to" : {
                    "object" : "username-input",
                    "edge" : "left"
                  },
                  "expectedDistance" : "5 to 25px",
                  "realDistance" : "10px"
                } ],
                "highlight" : [ "username-text", "username-input" ]
              } ]
            } ]
          } ],
          "objects" : {
            "username-text" : {
              "area" : [ 147, 166, 61, 36 ]
            },
            "username-input" : {
              "area" : [ 218, 170, 205, 44 ]
            }
          },
          "screenshot" : "layout-1-screenshot.png",
          "type" : "layout"
        } ],
        "time" : 1541335106089,
        "type" : "node"
      } ],
      "time" : 1541335103139,
      "type" : "node"
    } ]
  }
}