{
  "testId" : "2-chrome-mobile-",
  "name" : "chrome(mobile)",
  "report" : {
    "nodes" : [ {
      "name" : "Check layout: specs/login.gspec included tags: mobile",
      "status" : "info",
      "time" : 1541347629176,
      "includedTags" : [ "mobile" ],
      "sections" : [ {
        "name" : "Header",
        "place" : {
          "filePath" : "specs/login.gspec",
          "lineNumber" : 7
        },
        "objects" : [ {
          "name" : "username-text",
          "specs" : [ {
            "status" : "info",
            "place" : {
              "filePath" : "specs/login.gspec",
              "lineNumber" : 9
            },
            "name" : "left-of username-input 5 to 25 px",
            "meta" : [ {
              "from" : {
                "object" : "username-text",
                "edge" : "right"
              },
              "to" : {
                "object" : "username-input",
                "edge" : "left"
              },
              "expectedDistance" : "5 to 25px",
              "realDistance" : "9px"
            } ],
            "highlight" : [ "username-text", "username-input" ]
          } ]
        }, {
          "name" : "password-text",
          "specs" : [ {
            "status" : "info",
            "place" : {
              "filePath" : "specs/login.gspec",
              "lineNumber" : 12
            },
            "name" : "left-of password-input 5 to 25 px",
            "meta" : [ {
              "from" : {
                "object" : "password-text",
                "edge" : "right"
              },
              "to" : {
                "object" : "password-input",
                "edge" : "left"
              },
              "expectedDistance" : "5 to 25px",
              "realDistance" : "9px"
            } ],
            "highlight" : [ "password-text", "password-input" ]
          } ]
        } ]
      } ],
      "objects" : {
        "password-text" : {
          "area" : [ 146, 223, 61, 38 ]
        },
        "password-input" : {
          "area" : [ 216, 231, 204, 43 ]
        },
        "username-text" : {
          "area" : [ 146, 160, 61, 38 ]
        },
        "username-input" : {
          "area" : [ 216, 168, 204, 44 ]
        }
      },
      "screenshot" : "layout-1-screenshot.png",
      "type" : "layout"
    }, {
      "name" : "Check layout: specs/template.gspec included tags: mobile",
      "status" : "info",
      "time" : 1541347634280,
      "includedTags" : [ "mobile" ],
      "sections" : [ {
        "name" : "Header",
        "place" : {
          "filePath" : "specs/template.gspec",
          "lineNumber" : 6
        },
        "objects" : [ {
          "name" : "naziv-stranice",
          "specs" : [ {
            "status" : "info",
            "place" : {
              "filePath" : "specs/template.gspec",
              "lineNumber" : 9
            },
            "name" : "below meni 5 to 25 px",
            "meta" : [ {
              "from" : {
                "object" : "naziv-stranice",
                "edge" : "top"
              },
              "to" : {
                "object" : "meni",
                "edge" : "bottom"
              },
              "expectedDistance" : "5 to 25px",
              "realDistance" : "19px"
            } ],
            "highlight" : [ "naziv-stranice", "meni" ]
          }, {
            "status" : "info",
            "place" : {
              "filePath" : "specs/template.gspec",
              "lineNumber" : 12
            },
            "name" : "inside header",
            "meta" : [ ],
            "highlight" : [ "naziv-stranice", "header" ]
          } ]
        } ]
      } ],
      "objects" : {
        "naziv-stranice" : {
          "area" : [ 0, 210, 567, 52 ]
        },
        "meni" : {
          "area" : [ 0, 90, 567, 101 ]
        },
        "header" : {
          "area" : [ 0, 0, 567, 283 ]
        }
      },
      "screenshot" : "layout-5-screenshot.png",
      "type" : "layout"
    }, {
      "name" : "Check layout: specs/studenti.gspec included tags: mobile",
      "status" : "info",
      "time" : 1541347634759,
      "includedTags" : [ "mobile" ],
      "sections" : [ {
        "name" : "Header",
        "place" : {
          "filePath" : "specs/studenti.gspec",
          "lineNumber" : 6
        },
        "objects" : [ {
          "name" : "sporedni",
          "specs" : [ {
            "status" : "info",
            "place" : {
              "filePath" : "specs/studenti.gspec",
              "lineNumber" : 9
            },
            "name" : "width 100 % of main/width",
            "meta" : [ {
              "from" : {
                "object" : "sporedni",
                "edge" : "left"
              },
              "to" : {
                "object" : "sporedni",
                "edge" : "right"
              },
              "expectedDistance" : "100% [567px]",
              "realDistance" : "100% [567px]"
            } ],
            "highlight" : [ "sporedni" ]
          }, {
            "status" : "info",
            "place" : {
              "filePath" : "specs/studenti.gspec",
              "lineNumber" : 15
            },
            "name" : "above glavni 0 to 5 px",
            "meta" : [ {
              "from" : {
                "object" : "sporedni",
                "edge" : "bottom"
              },
              "to" : {
                "object" : "glavni",
                "edge" : "top"
              },
              "expectedDistance" : "0 to 5px",
              "realDistance" : "0px"
            } ],
            "highlight" : [ "sporedni", "glavni" ]
          } ]
        }, {
          "name" : "glavni",
          "specs" : [ {
            "status" : "info",
            "place" : {
              "filePath" : "specs/studenti.gspec",
              "lineNumber" : 12
            },
            "name" : "width 100 % of main/width",
            "meta" : [ {
              "from" : {
                "object" : "glavni",
                "edge" : "left"
              },
              "to" : {
                "object" : "glavni",
                "edge" : "right"
              },
              "expectedDistance" : "100% [567px]",
              "realDistance" : "100% [567px]"
            } ],
            "highlight" : [ "glavni" ]
          } ]
        } ]
      } ],
      "objects" : {
        "glavni" : {
          "area" : [ 0, 692, 567, 409 ]
        },
        "sporedni" : {
          "area" : [ 0, 282, 567, 410 ]
        }
      },
      "screenshot" : "layout-10-screenshot.png",
      "type" : "layout"
    }, {
      "name" : "Check layout: specs/template.gspec included tags: mobile",
      "status" : "info",
      "time" : 1541347639397,
      "includedTags" : [ "mobile" ],
      "sections" : [ {
        "name" : "Header",
        "place" : {
          "filePath" : "specs/template.gspec",
          "lineNumber" : 6
        },
        "objects" : [ {
          "name" : "naziv-stranice",
          "specs" : [ {
            "status" : "info",
            "place" : {
              "filePath" : "specs/template.gspec",
              "lineNumber" : 9
            },
            "name" : "below meni 5 to 25 px",
            "meta" : [ {
              "from" : {
                "object" : "naziv-stranice",
                "edge" : "top"
              },
              "to" : {
                "object" : "meni",
                "edge" : "bottom"
              },
              "expectedDistance" : "5 to 25px",
              "realDistance" : "19px"
            } ],
            "highlight" : [ "naziv-stranice", "meni" ]
          }, {
            "status" : "info",
            "place" : {
              "filePath" : "specs/template.gspec",
              "lineNumber" : 12
            },
            "name" : "inside header",
            "meta" : [ ],
            "highlight" : [ "naziv-stranice", "header" ]
          } ]
        } ]
      } ],
      "objects" : {
        "naziv-stranice" : {
          "area" : [ 0, 210, 567, 52 ]
        },
        "meni" : {
          "area" : [ 0, 90, 567, 101 ]
        },
        "header" : {
          "area" : [ 0, 0, 567, 283 ]
        }
      },
      "screenshot" : "layout-15-screenshot.png",
      "type" : "layout"
    }, {
      "name" : "Check layout: specs/zadaci.gspec included tags: mobile",
      "status" : "info",
      "time" : 1541347639893,
      "includedTags" : [ "mobile" ],
      "sections" : [ {
        "name" : "Header",
        "place" : {
          "filePath" : "specs/zadaci.gspec",
          "lineNumber" : 7
        },
        "objects" : [ {
          "name" : "cetvrtina1",
          "specs" : [ {
            "status" : "info",
            "place" : {
              "filePath" : "specs/zadaci.gspec",
              "lineNumber" : 10
            },
            "name" : "width 100 % of main/width",
            "meta" : [ {
              "from" : {
                "object" : "cetvrtina1",
                "edge" : "left"
              },
              "to" : {
                "object" : "cetvrtina1",
                "edge" : "right"
              },
              "expectedDistance" : "100% [567px]",
              "realDistance" : "100% [567px]"
            } ],
            "highlight" : [ "cetvrtina1" ]
          }, {
            "status" : "info",
            "place" : {
              "filePath" : "specs/zadaci.gspec",
              "lineNumber" : 19
            },
            "name" : "above cetvrtina2 0 to 5 px",
            "meta" : [ {
              "from" : {
                "object" : "cetvrtina1",
                "edge" : "bottom"
              },
              "to" : {
                "object" : "cetvrtina2",
                "edge" : "top"
              },
              "expectedDistance" : "0 to 5px",
              "realDistance" : "0px"
            } ],
            "highlight" : [ "cetvrtina1", "cetvrtina2" ]
          } ]
        }, {
          "name" : "cetvrtina2",
          "specs" : [ {
            "status" : "info",
            "place" : {
              "filePath" : "specs/zadaci.gspec",
              "lineNumber" : 13
            },
            "name" : "width 100 % of main/width",
            "meta" : [ {
              "from" : {
                "object" : "cetvrtina2",
                "edge" : "left"
              },
              "to" : {
                "object" : "cetvrtina2",
                "edge" : "right"
              },
              "expectedDistance" : "100% [567px]",
              "realDistance" : "100% [567px]"
            } ],
            "highlight" : [ "cetvrtina2" ]
          }, {
            "status" : "info",
            "place" : {
              "filePath" : "specs/zadaci.gspec",
              "lineNumber" : 22
            },
            "name" : "above polovina 0 to 5 px",
            "meta" : [ {
              "from" : {
                "object" : "cetvrtina2",
                "edge" : "bottom"
              },
              "to" : {
                "object" : "polovina",
                "edge" : "top"
              },
              "expectedDistance" : "0 to 5px",
              "realDistance" : "1px"
            } ],
            "highlight" : [ "cetvrtina2", "polovina" ]
          } ]
        }, {
          "name" : "polovina",
          "specs" : [ {
            "status" : "info",
            "place" : {
              "filePath" : "specs/zadaci.gspec",
              "lineNumber" : 16
            },
            "name" : "width 100 % of main/width",
            "meta" : [ {
              "from" : {
                "object" : "polovina",
                "edge" : "left"
              },
              "to" : {
                "object" : "polovina",
                "edge" : "right"
              },
              "expectedDistance" : "100% [567px]",
              "realDistance" : "100% [567px]"
            } ],
            "highlight" : [ "polovina" ]
          } ]
        } ]
      } ],
      "objects" : {
        "cetvrtina1" : {
          "area" : [ 0, 282, 567, 410 ]
        },
        "cetvrtina2" : {
          "area" : [ 0, 692, 567, 409 ]
        },
        "polovina" : {
          "area" : [ 0, 1102, 567, 419 ]
        }
      },
      "screenshot" : "layout-16-screenshot.png",
      "type" : "layout"
    }, {
      "name" : "Check layout: specs/template.gspec included tags: mobile",
      "status" : "info",
      "time" : 1541347644359,
      "includedTags" : [ "mobile" ],
      "sections" : [ {
        "name" : "Header",
        "place" : {
          "filePath" : "specs/template.gspec",
          "lineNumber" : 6
        },
        "objects" : [ {
          "name" : "naziv-stranice",
          "specs" : [ {
            "status" : "info",
            "place" : {
              "filePath" : "specs/template.gspec",
              "lineNumber" : 9
            },
            "name" : "below meni 5 to 25 px",
            "meta" : [ {
              "from" : {
                "object" : "naziv-stranice",
                "edge" : "top"
              },
              "to" : {
                "object" : "meni",
                "edge" : "bottom"
              },
              "expectedDistance" : "5 to 25px",
              "realDistance" : "19px"
            } ],
            "highlight" : [ "naziv-stranice", "meni" ]
          }, {
            "status" : "info",
            "place" : {
              "filePath" : "specs/template.gspec",
              "lineNumber" : 12
            },
            "name" : "inside header",
            "meta" : [ ],
            "highlight" : [ "naziv-stranice", "header" ]
          } ]
        } ]
      } ],
      "objects" : {
        "naziv-stranice" : {
          "area" : [ 0, 210, 567, 52 ]
        },
        "meni" : {
          "area" : [ 0, 90, 567, 101 ]
        },
        "header" : {
          "area" : [ 0, 0, 567, 283 ]
        }
      },
      "screenshot" : "layout-22-screenshot.png",
      "type" : "layout"
    }, {
      "name" : "Check layout: specs/template.gspec included tags: mobile",
      "status" : "info",
      "time" : 1541347649019,
      "includedTags" : [ "mobile" ],
      "sections" : [ {
        "name" : "Header",
        "place" : {
          "filePath" : "specs/template.gspec",
          "lineNumber" : 6
        },
        "objects" : [ {
          "name" : "naziv-stranice",
          "specs" : [ {
            "status" : "info",
            "place" : {
              "filePath" : "specs/template.gspec",
              "lineNumber" : 9
            },
            "name" : "below meni 5 to 25 px",
            "meta" : [ {
              "from" : {
                "object" : "naziv-stranice",
                "edge" : "top"
              },
              "to" : {
                "object" : "meni",
                "edge" : "bottom"
              },
              "expectedDistance" : "5 to 25px",
              "realDistance" : "19px"
            } ],
            "highlight" : [ "naziv-stranice", "meni" ]
          }, {
            "status" : "info",
            "place" : {
              "filePath" : "specs/template.gspec",
              "lineNumber" : 12
            },
            "name" : "inside header",
            "meta" : [ ],
            "highlight" : [ "naziv-stranice", "header" ]
          } ]
        } ]
      } ],
      "objects" : {
        "naziv-stranice" : {
          "area" : [ 0, 210, 567, 52 ]
        },
        "meni" : {
          "area" : [ 0, 90, 567, 101 ]
        },
        "header" : {
          "area" : [ 0, 0, 567, 283 ]
        }
      },
      "screenshot" : "layout-27-screenshot.png",
      "type" : "layout"
    }, {
      "name" : "Check layout: specs/addZadatak.gspec included tags: mobile",
      "status" : "info",
      "time" : 1541347649351,
      "includedTags" : [ "mobile" ],
      "sections" : [ {
        "name" : "Header",
        "place" : {
          "filePath" : "specs/addZadatak.gspec",
          "lineNumber" : 5
        },
        "objects" : [ {
          "name" : "glavni",
          "specs" : [ {
            "status" : "info",
            "place" : {
              "filePath" : "specs/addZadatak.gspec",
              "lineNumber" : 8
            },
            "name" : "width 100 % of main/width",
            "meta" : [ {
              "from" : {
                "object" : "glavni",
                "edge" : "left"
              },
              "to" : {
                "object" : "glavni",
                "edge" : "right"
              },
              "expectedDistance" : "100% [567px]",
              "realDistance" : "100% [567px]"
            } ],
            "highlight" : [ "glavni" ]
          } ]
        } ]
      } ],
      "objects" : {
        "glavni" : {
          "area" : [ 0, 282, 567, 725 ]
        }
      },
      "screenshot" : "layout-29-screenshot.png",
      "type" : "layout"
    }, {
      "name" : "Check layout: specs/template.gspec included tags: mobile",
      "status" : "info",
      "time" : 1541347654161,
      "includedTags" : [ "mobile" ],
      "sections" : [ {
        "name" : "Header",
        "place" : {
          "filePath" : "specs/template.gspec",
          "lineNumber" : 6
        },
        "objects" : [ {
          "name" : "naziv-stranice",
          "specs" : [ {
            "status" : "info",
            "place" : {
              "filePath" : "specs/template.gspec",
              "lineNumber" : 9
            },
            "name" : "below meni 5 to 25 px",
            "meta" : [ {
              "from" : {
                "object" : "naziv-stranice",
                "edge" : "top"
              },
              "to" : {
                "object" : "meni",
                "edge" : "bottom"
              },
              "expectedDistance" : "5 to 25px",
              "realDistance" : "19px"
            } ],
            "highlight" : [ "naziv-stranice", "meni" ]
          }, {
            "status" : "info",
            "place" : {
              "filePath" : "specs/template.gspec",
              "lineNumber" : 12
            },
            "name" : "inside header",
            "meta" : [ ],
            "highlight" : [ "naziv-stranice", "header" ]
          } ]
        } ]
      } ],
      "objects" : {
        "naziv-stranice" : {
          "area" : [ 0, 210, 567, 52 ]
        },
        "meni" : {
          "area" : [ 0, 90, 567, 101 ]
        },
        "header" : {
          "area" : [ 0, 0, 567, 283 ]
        }
      },
      "screenshot" : "layout-35-screenshot.png",
      "type" : "layout"
    }, {
      "name" : "Check layout: specs/addVjezba.gspec included tags: mobile",
      "status" : "info",
      "time" : 1541347654564,
      "includedTags" : [ "mobile" ],
      "sections" : [ {
        "name" : "Header",
        "place" : {
          "filePath" : "specs/addVjezba.gspec",
          "lineNumber" : 7
        },
        "objects" : [ {
          "name" : "glavni",
          "specs" : [ {
            "status" : "info",
            "place" : {
              "filePath" : "specs/addVjezba.gspec",
              "lineNumber" : 10
            },
            "name" : "width 100 % of main/width",
            "meta" : [ {
              "from" : {
                "object" : "glavni",
                "edge" : "left"
              },
              "to" : {
                "object" : "glavni",
                "edge" : "right"
              },
              "expectedDistance" : "100% [567px]",
              "realDistance" : "100% [567px]"
            } ],
            "highlight" : [ "glavni" ]
          } ]
        }, {
          "name" : "forma1",
          "specs" : [ {
            "status" : "info",
            "place" : {
              "filePath" : "specs/addVjezba.gspec",
              "lineNumber" : 13
            },
            "name" : "above forma2 5 to 100 px",
            "meta" : [ {
              "from" : {
                "object" : "forma1",
                "edge" : "bottom"
              },
              "to" : {
                "object" : "forma2",
                "edge" : "top"
              },
              "expectedDistance" : "5 to 100px",
              "realDistance" : "11px"
            } ],
            "highlight" : [ "forma1", "forma2" ]
          } ]
        } ]
      } ],
      "objects" : {
        "glavni" : {
          "area" : [ 0, 282, 567, 853 ]
        },
        "forma2" : {
          "area" : [ 56, 572, 453, 470 ]
        },
        "forma1" : {
          "area" : [ 56, 305, 453, 256 ]
        }
      },
      "screenshot" : "layout-36-screenshot.png",
      "type" : "layout"
    }, {
      "name" : "Check layout: specs/template.gspec included tags: mobile",
      "status" : "info",
      "time" : 1541347659260,
      "includedTags" : [ "mobile" ],
      "sections" : [ {
        "name" : "Header",
        "place" : {
          "filePath" : "specs/template.gspec",
          "lineNumber" : 6
        },
        "objects" : [ {
          "name" : "naziv-stranice",
          "specs" : [ {
            "status" : "info",
            "place" : {
              "filePath" : "specs/template.gspec",
              "lineNumber" : 9
            },
            "name" : "below meni 5 to 25 px",
            "meta" : [ {
              "from" : {
                "object" : "naziv-stranice",
                "edge" : "top"
              },
              "to" : {
                "object" : "meni",
                "edge" : "bottom"
              },
              "expectedDistance" : "5 to 25px",
              "realDistance" : "19px"
            } ],
            "highlight" : [ "naziv-stranice", "meni" ]
          }, {
            "status" : "info",
            "place" : {
              "filePath" : "specs/template.gspec",
              "lineNumber" : 12
            },
            "name" : "inside header",
            "meta" : [ ],
            "highlight" : [ "naziv-stranice", "header" ]
          } ]
        } ]
      } ],
      "objects" : {
        "naziv-stranice" : {
          "area" : [ 0, 210, 567, 52 ]
        },
        "meni" : {
          "area" : [ 0, 90, 567, 101 ]
        },
        "header" : {
          "area" : [ 0, 0, 567, 283 ]
        }
      },
      "screenshot" : "layout-43-screenshot.png",
      "type" : "layout"
    }, {
      "name" : "Check layout: specs/addStudent.gspec included tags: mobile",
      "status" : "info",
      "time" : 1541347660028,
      "includedTags" : [ "mobile" ],
      "sections" : [ {
        "name" : "Header",
        "place" : {
          "filePath" : "specs/addStudent.gspec",
          "lineNumber" : 7
        },
        "objects" : [ {
          "name" : "glavni",
          "specs" : [ {
            "status" : "info",
            "place" : {
              "filePath" : "specs/addStudent.gspec",
              "lineNumber" : 10
            },
            "name" : "width 100 % of main/width",
            "meta" : [ {
              "from" : {
                "object" : "glavni",
                "edge" : "left"
              },
              "to" : {
                "object" : "glavni",
                "edge" : "right"
              },
              "expectedDistance" : "100% [567px]",
              "realDistance" : "100% [567px]"
            } ],
            "highlight" : [ "glavni" ]
          } ]
        }, {
          "name" : "forma1",
          "specs" : [ {
            "status" : "info",
            "place" : {
              "filePath" : "specs/addStudent.gspec",
              "lineNumber" : 13
            },
            "name" : "above forma2 5 to 100 px",
            "meta" : [ {
              "from" : {
                "object" : "forma1",
                "edge" : "bottom"
              },
              "to" : {
                "object" : "forma2",
                "edge" : "top"
              },
              "expectedDistance" : "5 to 100px",
              "realDistance" : "12px"
            } ],
            "highlight" : [ "forma1", "forma2" ]
          } ]
        } ]
      } ],
      "objects" : {
        "glavni" : {
          "area" : [ 0, 282, 567, 853 ]
        },
        "forma2" : {
          "area" : [ 56, 786, 453, 257 ]
        },
        "forma1" : {
          "area" : [ 56, 305, 453, 469 ]
        }
      },
      "screenshot" : "layout-44-screenshot.png",
      "type" : "layout"
    }, {
      "name" : "Check layout: specs/template.gspec included tags: mobile",
      "status" : "info",
      "time" : 1541347664470,
      "includedTags" : [ "mobile" ],
      "sections" : [ {
        "name" : "Header",
        "place" : {
          "filePath" : "specs/template.gspec",
          "lineNumber" : 6
        },
        "objects" : [ {
          "name" : "naziv-stranice",
          "specs" : [ {
            "status" : "info",
            "place" : {
              "filePath" : "specs/template.gspec",
              "lineNumber" : 9
            },
            "name" : "below meni 5 to 25 px",
            "meta" : [ {
              "from" : {
                "object" : "naziv-stranice",
                "edge" : "top"
              },
              "to" : {
                "object" : "meni",
                "edge" : "bottom"
              },
              "expectedDistance" : "5 to 25px",
              "realDistance" : "19px"
            } ],
            "highlight" : [ "naziv-stranice", "meni" ]
          }, {
            "status" : "info",
            "place" : {
              "filePath" : "specs/template.gspec",
              "lineNumber" : 12
            },
            "name" : "inside header",
            "meta" : [ ],
            "highlight" : [ "naziv-stranice", "header" ]
          } ]
        } ]
      } ],
      "objects" : {
        "naziv-stranice" : {
          "area" : [ 0, 210, 567, 52 ]
        },
        "meni" : {
          "area" : [ 0, 90, 567, 101 ]
        },
        "header" : {
          "area" : [ 0, 0, 567, 283 ]
        }
      },
      "screenshot" : "layout-51-screenshot.png",
      "type" : "layout"
    }, {
      "name" : "Check layout: specs/addGodina.gspec included tags: mobile",
      "status" : "info",
      "time" : 1541347664892,
      "includedTags" : [ "mobile" ],
      "sections" : [ {
        "name" : "Header",
        "place" : {
          "filePath" : "specs/addGodina.gspec",
          "lineNumber" : 6
        },
        "objects" : [ {
          "name" : "sporedni",
          "specs" : [ {
            "status" : "info",
            "place" : {
              "filePath" : "specs/addGodina.gspec",
              "lineNumber" : 9
            },
            "name" : "above glavni 0 to 25 px",
            "meta" : [ {
              "from" : {
                "object" : "sporedni",
                "edge" : "bottom"
              },
              "to" : {
                "object" : "glavni",
                "edge" : "top"
              },
              "expectedDistance" : "0 to 25px",
              "realDistance" : "0px"
            } ],
            "highlight" : [ "sporedni", "glavni" ]
          }, {
            "status" : "info",
            "place" : {
              "filePath" : "specs/addGodina.gspec",
              "lineNumber" : 12
            },
            "name" : "width 100 % of main/width",
            "meta" : [ {
              "from" : {
                "object" : "sporedni",
                "edge" : "left"
              },
              "to" : {
                "object" : "sporedni",
                "edge" : "right"
              },
              "expectedDistance" : "100% [567px]",
              "realDistance" : "100% [567px]"
            } ],
            "highlight" : [ "sporedni" ]
          } ]
        }, {
          "name" : "glavni",
          "specs" : [ {
            "status" : "info",
            "place" : {
              "filePath" : "specs/addGodina.gspec",
              "lineNumber" : 15
            },
            "name" : "width 100 % of main/width",
            "meta" : [ {
              "from" : {
                "object" : "glavni",
                "edge" : "left"
              },
              "to" : {
                "object" : "glavni",
                "edge" : "right"
              },
              "expectedDistance" : "100% [567px]",
              "realDistance" : "100% [567px]"
            } ],
            "highlight" : [ "glavni" ]
          } ]
        } ]
      } ],
      "objects" : {
        "glavni" : {
          "area" : [ 0, 692, 567, 409 ]
        },
        "sporedni" : {
          "area" : [ 0, 282, 567, 410 ]
        }
      },
      "screenshot" : "layout-53-screenshot.png",
      "type" : "layout"
    } ]
  }
}