{
  "testId" : "2-firefox-desktop-",
  "name" : "firefox(desktop)",
  "report" : {
    "nodes" : [ {
      "name" : "WrappedException: Wrapped com.galenframework.parser.SyntaxException: Missing value path for relative range\n    in specs/studenti.gspec:19 (<cmd>#141)",
      "status" : "error",
      "time" : 1541347104561,
      "stacktrace" : "org.mozilla.javascript.WrappedException: Wrapped com.galenframework.parser.SyntaxException: Missing value path for relative range\n    in specs/studenti.gspec:19 (<cmd>#141)\r\n\tat org.mozilla.javascript.Context.throwAsScriptRuntimeEx(Context.java:1914)\r\n\tat org.mozilla.javascript.MemberBox.invoke(MemberBox.java:148)\r\n\tat org.mozilla.javascript.NativeJavaMethod.call(NativeJavaMethod.java:225)\r\n\tat org.mozilla.javascript.optimizer.OptRuntime.callN(OptRuntime.java:52)\r\n\tat org.mozilla.javascript.gen._cmd__19._c_checkLayout_7(<cmd>:141)\r\n\tat org.mozilla.javascript.gen._cmd__19.call(<cmd>)\r\n\tat org.mozilla.javascript.optimizer.OptRuntime.callName(OptRuntime.java:63)\r\n\tat org.mozilla.javascript.gen.D__Downloads_Opera_Spirala_1_20181031T222711Z_001_Spirala_1_galen_tests_login_test_js_21._c_anonymous_3(D:\\Downloads\\Opera\\Spirala 1-20181031T222711Z-001\\Spirala 1\\galen\\tests\\login.test.js:41)\r\n\tat org.mozilla.javascript.gen.D__Downloads_Opera_Spirala_1_20181031T222711Z_001_Spirala_1_galen_tests_login_test_js_21.call(D:\\Downloads\\Opera\\Spirala 1-20181031T222711Z-001\\Spirala 1\\galen\\tests\\login.test.js)\r\n\tat org.mozilla.javascript.ScriptRuntime.applyOrCall(ScriptRuntime.java:2697)\r\n\tat org.mozilla.javascript.BaseFunction.execIdCall(BaseFunction.java:287)\r\n\tat org.mozilla.javascript.IdFunctionObject.call(IdFunctionObject.java:101)\r\n\tat org.mozilla.javascript.optimizer.OptRuntime.callN(OptRuntime.java:52)\r\n\tat org.mozilla.javascript.gen._cmd__18._c_invokeFunc_2(<cmd>:35)\r\n\tat org.mozilla.javascript.gen._cmd__18.call(<cmd>)\r\n\tat org.mozilla.javascript.optimizer.OptRuntime.callName(OptRuntime.java:63)\r\n\tat org.mozilla.javascript.gen._cmd__18._c_anonymous_22(<cmd>:280)\r\n\tat org.mozilla.javascript.gen._cmd__18.call(<cmd>)\r\n\tat org.mozilla.javascript.ContextFactory.doTopCall(ContextFactory.java:399)\r\n\tat org.mozilla.javascript.ScriptRuntime.doTopCall(ScriptRuntime.java:3452)\r\n\tat org.mozilla.javascript.gen._cmd__18.call(<cmd>)\r\n\tat org.mozilla.javascript.JavaAdapter.doCall(JavaAdapter.java:606)\r\n\tat org.mozilla.javascript.JavaAdapter.access$000(JavaAdapter.java:15)\r\n\tat org.mozilla.javascript.JavaAdapter$1.run(JavaAdapter.java:586)\r\n\tat org.mozilla.javascript.Context.call(Context.java:526)\r\n\tat org.mozilla.javascript.ContextFactory.call(ContextFactory.java:509)\r\n\tat org.mozilla.javascript.JavaAdapter.callMethod(JavaAdapter.java:583)\r\n\tat adapter1.execute(<adapter>)\r\n\tat com.galenframework.TestRunnable.runTest(TestRunnable.java:75)\r\n\tat com.galenframework.TestRunnable.run(TestRunnable.java:101)\r\n\tat java.base/java.util.concurrent.ThreadPoolExecutor.runWorker(ThreadPoolExecutor.java:1128)\r\n\tat java.base/java.util.concurrent.ThreadPoolExecutor$Worker.run(ThreadPoolExecutor.java:628)\r\n\tat java.base/java.lang.Thread.run(Thread.java:834)\r\nCaused by: com.galenframework.parser.SyntaxException: Missing value path for relative range\n    in specs/studenti.gspec:19\r\n\tat com.galenframework.parser.ExpectRange.readPercentageOf(ExpectRange.java:144)\r\n\tat com.galenframework.parser.ExpectRange.read(ExpectRange.java:51)\r\n\tat com.galenframework.parser.ExpectRange.read(ExpectRange.java:25)\r\n\tat com.galenframework.speclang2.specs.SpecWithRangeProcessor.process(SpecWithRangeProcessor.java:30)\r\n\tat com.galenframework.speclang2.specs.SpecReader.read(SpecReader.java:116)\r\n\tat com.galenframework.speclang2.pagespec.PageSectionProcessor.processSpec(PageSectionProcessor.java:220)\r\n\tat com.galenframework.speclang2.pagespec.PageSectionProcessor.processObject(PageSectionProcessor.java:191)\r\n\tat com.galenframework.speclang2.pagespec.PageSectionProcessor.processSection(PageSectionProcessor.java:75)\r\n\tat com.galenframework.speclang2.pagespec.PageSectionProcessor.process(PageSectionProcessor.java:63)\r\n\tat com.galenframework.speclang2.pagespec.PostProcessor.processNode(PostProcessor.java:39)\r\n\tat com.galenframework.speclang2.pagespec.PostProcessor.process(PostProcessor.java:33)\r\n\tat com.galenframework.speclang2.pagespec.PageSpecReader.read(PageSpecReader.java:62)\r\n\tat com.galenframework.speclang2.pagespec.PageSpecReader.read(PageSpecReader.java:45)\r\n\tat com.galenframework.api.Galen.checkLayout(Galen.java:68)\r\n\tat com.galenframework.javascript.GalenJsApi.checkLayout(GalenJsApi.java:104)\r\n\tat java.base/jdk.internal.reflect.NativeMethodAccessorImpl.invoke0(Native Method)\r\n\tat java.base/jdk.internal.reflect.NativeMethodAccessorImpl.invoke(NativeMethodAccessorImpl.java:62)\r\n\tat java.base/jdk.internal.reflect.DelegatingMethodAccessorImpl.invoke(DelegatingMethodAccessorImpl.java:43)\r\n\tat java.base/java.lang.reflect.Method.invoke(Method.java:566)\r\n\tat org.mozilla.javascript.MemberBox.invoke(MemberBox.java:126)\r\n\t... 31 more\r\n",
      "type" : "node"
    } ]
  }
}