{
  "testId" : "4-chrome-mobile-",
  "name" : "chrome(mobile)",
  "report" : {
    "nodes" : [ {
      "name" : "Check layout: specs/template.gspec included tags: mobile",
      "status" : "info",
      "time" : 1541346546045,
      "includedTags" : [ "mobile" ],
      "sections" : [ {
        "name" : "Header",
        "place" : {
          "filePath" : "specs/template.gspec",
          "lineNumber" : 6
        },
        "objects" : [ {
          "name" : "naziv-stranice",
          "specs" : [ {
            "status" : "info",
            "place" : {
              "filePath" : "specs/template.gspec",
              "lineNumber" : 9
            },
            "name" : "below meni 5 to 25 px",
            "meta" : [ {
              "from" : {
                "object" : "naziv-stranice",
                "edge" : "top"
              },
              "to" : {
                "object" : "meni",
                "edge" : "bottom"
              },
              "expectedDistance" : "5 to 25px",
              "realDistance" : "19px"
            } ],
            "highlight" : [ "naziv-stranice", "meni" ]
          }, {
            "status" : "info",
            "place" : {
              "filePath" : "specs/template.gspec",
              "lineNumber" : 12
            },
            "name" : "inside header",
            "meta" : [ ],
            "highlight" : [ "naziv-stranice", "header" ]
          } ]
        } ]
      } ],
      "objects" : {
        "naziv-stranice" : {
          "area" : [ 0, 210, 567, 52 ]
        },
        "meni" : {
          "area" : [ 0, 90, 567, 101 ]
        },
        "header" : {
          "area" : [ 0, 0, 567, 283 ]
        }
      },
      "screenshot" : "layout-1-screenshot.png",
      "type" : "layout"
    }, {
      "name" : "Check layout: specs/studenti.gspec included tags: mobile",
      "status" : "info",
      "time" : 1541346546825,
      "includedTags" : [ "mobile" ],
      "sections" : [ {
        "name" : "Header",
        "place" : {
          "filePath" : "specs/studenti.gspec",
          "lineNumber" : 6
        },
        "objects" : [ {
          "name" : "sporedni",
          "specs" : [ {
            "status" : "info",
            "place" : {
              "filePath" : "specs/studenti.gspec",
              "lineNumber" : 9
            },
            "name" : "width 100% of main/width",
            "meta" : [ {
              "from" : {
                "object" : "sporedni",
                "edge" : "left"
              },
              "to" : {
                "object" : "sporedni",
                "edge" : "right"
              },
              "expectedDistance" : "100% [567px]",
              "realDistance" : "100% [567px]"
            } ],
            "highlight" : [ "sporedni" ]
          }, {
            "status" : "info",
            "place" : {
              "filePath" : "specs/studenti.gspec",
              "lineNumber" : 15
            },
            "name" : "above glavni 0 to 5 px",
            "meta" : [ {
              "from" : {
                "object" : "sporedni",
                "edge" : "bottom"
              },
              "to" : {
                "object" : "glavni",
                "edge" : "top"
              },
              "expectedDistance" : "0 to 5px",
              "realDistance" : "0px"
            } ],
            "highlight" : [ "sporedni", "glavni" ]
          } ]
        }, {
          "name" : "glavni",
          "specs" : [ {
            "status" : "info",
            "place" : {
              "filePath" : "specs/studenti.gspec",
              "lineNumber" : 12
            },
            "name" : "width 100% of main/width",
            "meta" : [ {
              "from" : {
                "object" : "glavni",
                "edge" : "left"
              },
              "to" : {
                "object" : "glavni",
                "edge" : "right"
              },
              "expectedDistance" : "100% [567px]",
              "realDistance" : "100% [567px]"
            } ],
            "highlight" : [ "glavni" ]
          } ]
        } ]
      } ],
      "objects" : {
        "glavni" : {
          "area" : [ 0, 692, 567, 409 ]
        },
        "sporedni" : {
          "area" : [ 0, 282, 567, 410 ]
        }
      },
      "screenshot" : "layout-6-screenshot.png",
      "type" : "layout"
    } ]
  }
}