{
  "testId" : "4-chrome-desktop-",
  "name" : "chrome(desktop)",
  "report" : {
    "nodes" : [ {
      "name" : "Check layout: specs/login.gspec included tags: desktop",
      "status" : "info",
      "time" : 1541347629134,
      "includedTags" : [ "desktop" ],
      "sections" : [ {
        "name" : "Header",
        "place" : {
          "filePath" : "specs/login.gspec",
          "lineNumber" : 7
        },
        "objects" : [ {
          "name" : "username-text",
          "specs" : [ {
            "status" : "info",
            "place" : {
              "filePath" : "specs/login.gspec",
              "lineNumber" : 9
            },
            "name" : "left-of username-input 5 to 25 px",
            "meta" : [ {
              "from" : {
                "object" : "username-text",
                "edge" : "right"
              },
              "to" : {
                "object" : "username-input",
                "edge" : "left"
              },
              "expectedDistance" : "5 to 25px",
              "realDistance" : "8px"
            } ],
            "highlight" : [ "username-text", "username-input" ]
          } ]
        }, {
          "name" : "password-text",
          "specs" : [ {
            "status" : "info",
            "place" : {
              "filePath" : "specs/login.gspec",
              "lineNumber" : 12
            },
            "name" : "left-of password-input 5 to 25 px",
            "meta" : [ {
              "from" : {
                "object" : "password-text",
                "edge" : "right"
              },
              "to" : {
                "object" : "password-input",
                "edge" : "left"
              },
              "expectedDistance" : "5 to 25px",
              "realDistance" : "8px"
            } ],
            "highlight" : [ "password-text", "password-input" ]
          } ]
        } ]
      } ],
      "objects" : {
        "password-text" : {
          "area" : [ 476, 482, 200, 19 ]
        },
        "password-input" : {
          "area" : [ 684, 471, 666, 43 ]
        },
        "username-text" : {
          "area" : [ 476, 419, 200, 19 ]
        },
        "username-input" : {
          "area" : [ 684, 408, 666, 44 ]
        }
      },
      "screenshot" : "layout-3-screenshot.png",
      "type" : "layout"
    }, {
      "name" : "Check layout: specs/template.gspec included tags: desktop",
      "status" : "info",
      "time" : 1541347634531,
      "includedTags" : [ "desktop" ],
      "sections" : [ {
        "name" : "Header",
        "place" : {
          "filePath" : "specs/template.gspec",
          "lineNumber" : 6
        },
        "objects" : [ {
          "name" : "naziv-stranice",
          "specs" : [ {
            "status" : "info",
            "place" : {
              "filePath" : "specs/template.gspec",
              "lineNumber" : 16
            },
            "name" : "above meni 5 to 25 px",
            "meta" : [ {
              "from" : {
                "object" : "naziv-stranice",
                "edge" : "bottom"
              },
              "to" : {
                "object" : "meni",
                "edge" : "top"
              },
              "expectedDistance" : "5 to 25px",
              "realDistance" : "23px"
            } ],
            "highlight" : [ "naziv-stranice", "meni" ]
          }, {
            "status" : "info",
            "place" : {
              "filePath" : "specs/template.gspec",
              "lineNumber" : 19
            },
            "name" : "inside header",
            "meta" : [ ],
            "highlight" : [ "naziv-stranice", "header" ]
          } ]
        } ]
      } ],
      "objects" : {
        "naziv-stranice" : {
          "area" : [ 1659, 39, 224, 28 ]
        },
        "meni" : {
          "area" : [ 0, 90, 1904, 55 ]
        },
        "header" : {
          "area" : [ 0, 0, 1904, 145 ]
        }
      },
      "screenshot" : "layout-7-screenshot.png",
      "type" : "layout"
    }, {
      "name" : "Check layout: specs/studenti.gspec included tags: desktop",
      "status" : "info",
      "time" : 1541347635211,
      "includedTags" : [ "desktop" ],
      "sections" : [ {
        "name" : "Header",
        "place" : {
          "filePath" : "specs/studenti.gspec",
          "lineNumber" : 6
        },
        "objects" : [ {
          "name" : "sporedni",
          "specs" : [ {
            "status" : "info",
            "place" : {
              "filePath" : "specs/studenti.gspec",
              "lineNumber" : 19
            },
            "name" : "width 34 to 36 % of main/width",
            "meta" : [ {
              "from" : {
                "object" : "sporedni",
                "edge" : "left"
              },
              "to" : {
                "object" : "sporedni",
                "edge" : "right"
              },
              "expectedDistance" : "34 to 36% [647 to 685px]",
              "realDistance" : "34% [666px]"
            } ],
            "highlight" : [ "sporedni" ]
          }, {
            "status" : "info",
            "place" : {
              "filePath" : "specs/studenti.gspec",
              "lineNumber" : 25
            },
            "name" : "left-of glavni 0 to 5 px",
            "meta" : [ {
              "from" : {
                "object" : "sporedni",
                "edge" : "right"
              },
              "to" : {
                "object" : "glavni",
                "edge" : "left"
              },
              "expectedDistance" : "0 to 5px",
              "realDistance" : "1px"
            } ],
            "highlight" : [ "sporedni", "glavni" ]
          } ]
        }, {
          "name" : "glavni",
          "specs" : [ {
            "status" : "info",
            "place" : {
              "filePath" : "specs/studenti.gspec",
              "lineNumber" : 22
            },
            "name" : "width 64 to 66 % of main/width",
            "meta" : [ {
              "from" : {
                "object" : "glavni",
                "edge" : "left"
              },
              "to" : {
                "object" : "glavni",
                "edge" : "right"
              },
              "expectedDistance" : "64 to 66% [1218 to 1256px]",
              "realDistance" : "64% [1237px]"
            } ],
            "highlight" : [ "glavni" ]
          } ]
        } ]
      } ],
      "objects" : {
        "glavni" : {
          "area" : [ 667, 145, 1237, 793 ]
        },
        "sporedni" : {
          "area" : [ 0, 145, 666, 794 ]
        }
      },
      "screenshot" : "layout-12-screenshot.png",
      "type" : "layout"
    }, {
      "name" : "Check layout: specs/template.gspec included tags: desktop",
      "status" : "info",
      "time" : 1541347640599,
      "includedTags" : [ "desktop" ],
      "sections" : [ {
        "name" : "Header",
        "place" : {
          "filePath" : "specs/template.gspec",
          "lineNumber" : 6
        },
        "objects" : [ {
          "name" : "naziv-stranice",
          "specs" : [ {
            "status" : "info",
            "place" : {
              "filePath" : "specs/template.gspec",
              "lineNumber" : 16
            },
            "name" : "above meni 5 to 25 px",
            "meta" : [ {
              "from" : {
                "object" : "naziv-stranice",
                "edge" : "bottom"
              },
              "to" : {
                "object" : "meni",
                "edge" : "top"
              },
              "expectedDistance" : "5 to 25px",
              "realDistance" : "23px"
            } ],
            "highlight" : [ "naziv-stranice", "meni" ]
          }, {
            "status" : "info",
            "place" : {
              "filePath" : "specs/template.gspec",
              "lineNumber" : 19
            },
            "name" : "inside header",
            "meta" : [ ],
            "highlight" : [ "naziv-stranice", "header" ]
          } ]
        } ]
      } ],
      "objects" : {
        "naziv-stranice" : {
          "area" : [ 1712, 39, 172, 28 ]
        },
        "meni" : {
          "area" : [ 0, 90, 1904, 55 ]
        },
        "header" : {
          "area" : [ 0, 0, 1904, 145 ]
        }
      },
      "screenshot" : "layout-19-screenshot.png",
      "type" : "layout"
    }, {
      "name" : "Check layout: specs/zadaci.gspec included tags: desktop",
      "status" : "info",
      "time" : 1541347641344,
      "includedTags" : [ "desktop" ],
      "sections" : [ {
        "name" : "Header",
        "place" : {
          "filePath" : "specs/zadaci.gspec",
          "lineNumber" : 7
        },
        "objects" : [ {
          "name" : "cetvrtina1",
          "specs" : [ {
            "status" : "info",
            "place" : {
              "filePath" : "specs/zadaci.gspec",
              "lineNumber" : 26
            },
            "name" : "width 23 to 26 % of main/width",
            "meta" : [ {
              "from" : {
                "object" : "cetvrtina1",
                "edge" : "left"
              },
              "to" : {
                "object" : "cetvrtina1",
                "edge" : "right"
              },
              "expectedDistance" : "23 to 26% [437 to 495px]",
              "realDistance" : "25% [476px]"
            } ],
            "highlight" : [ "cetvrtina1" ]
          }, {
            "status" : "info",
            "place" : {
              "filePath" : "specs/zadaci.gspec",
              "lineNumber" : 35
            },
            "name" : "left-of cetvrtina2 0 to 5 px",
            "meta" : [ {
              "from" : {
                "object" : "cetvrtina1",
                "edge" : "right"
              },
              "to" : {
                "object" : "cetvrtina2",
                "edge" : "left"
              },
              "expectedDistance" : "0 to 5px",
              "realDistance" : "0px"
            } ],
            "highlight" : [ "cetvrtina1", "cetvrtina2" ]
          } ]
        }, {
          "name" : "cetvrtina2",
          "specs" : [ {
            "status" : "info",
            "place" : {
              "filePath" : "specs/zadaci.gspec",
              "lineNumber" : 29
            },
            "name" : "width 23 to 26 % of main/width",
            "meta" : [ {
              "from" : {
                "object" : "cetvrtina2",
                "edge" : "left"
              },
              "to" : {
                "object" : "cetvrtina2",
                "edge" : "right"
              },
              "expectedDistance" : "23 to 26% [437 to 495px]",
              "realDistance" : "25% [476px]"
            } ],
            "highlight" : [ "cetvrtina2" ]
          }, {
            "status" : "info",
            "place" : {
              "filePath" : "specs/zadaci.gspec",
              "lineNumber" : 38
            },
            "name" : "left-of polovina 0 to 5 px",
            "meta" : [ {
              "from" : {
                "object" : "cetvrtina2",
                "edge" : "right"
              },
              "to" : {
                "object" : "polovina",
                "edge" : "left"
              },
              "expectedDistance" : "0 to 5px",
              "realDistance" : "0px"
            } ],
            "highlight" : [ "cetvrtina2", "polovina" ]
          } ]
        }, {
          "name" : "polovina",
          "specs" : [ {
            "status" : "info",
            "place" : {
              "filePath" : "specs/zadaci.gspec",
              "lineNumber" : 32
            },
            "name" : "width 49 to 51 % of main/width",
            "meta" : [ {
              "from" : {
                "object" : "polovina",
                "edge" : "left"
              },
              "to" : {
                "object" : "polovina",
                "edge" : "right"
              },
              "expectedDistance" : "49 to 51% [932 to 971px]",
              "realDistance" : "50% [952px]"
            } ],
            "highlight" : [ "polovina" ]
          } ]
        } ]
      } ],
      "objects" : {
        "cetvrtina1" : {
          "area" : [ 0, 145, 476, 794 ]
        },
        "cetvrtina2" : {
          "area" : [ 476, 145, 476, 794 ]
        },
        "polovina" : {
          "area" : [ 952, 145, 952, 793 ]
        }
      },
      "screenshot" : "layout-20-screenshot.png",
      "type" : "layout"
    }, {
      "name" : "Check layout: specs/template.gspec included tags: desktop",
      "status" : "info",
      "time" : 1541347646543,
      "includedTags" : [ "desktop" ],
      "sections" : [ {
        "name" : "Header",
        "place" : {
          "filePath" : "specs/template.gspec",
          "lineNumber" : 6
        },
        "objects" : [ {
          "name" : "naziv-stranice",
          "specs" : [ {
            "status" : "info",
            "place" : {
              "filePath" : "specs/template.gspec",
              "lineNumber" : 16
            },
            "name" : "above meni 5 to 25 px",
            "meta" : [ {
              "from" : {
                "object" : "naziv-stranice",
                "edge" : "bottom"
              },
              "to" : {
                "object" : "meni",
                "edge" : "top"
              },
              "expectedDistance" : "5 to 25px",
              "realDistance" : "23px"
            } ],
            "highlight" : [ "naziv-stranice", "meni" ]
          }, {
            "status" : "info",
            "place" : {
              "filePath" : "specs/template.gspec",
              "lineNumber" : 19
            },
            "name" : "inside header",
            "meta" : [ ],
            "highlight" : [ "naziv-stranice", "header" ]
          } ]
        } ]
      } ],
      "objects" : {
        "naziv-stranice" : {
          "area" : [ 1686, 39, 198, 28 ]
        },
        "meni" : {
          "area" : [ 0, 90, 1904, 55 ]
        },
        "header" : {
          "area" : [ 0, 0, 1904, 145 ]
        }
      },
      "screenshot" : "layout-24-screenshot.png",
      "type" : "layout"
    }, {
      "name" : "Check layout: specs/template.gspec included tags: desktop",
      "status" : "info",
      "time" : 1541347651519,
      "includedTags" : [ "desktop" ],
      "sections" : [ {
        "name" : "Header",
        "place" : {
          "filePath" : "specs/template.gspec",
          "lineNumber" : 6
        },
        "objects" : [ {
          "name" : "naziv-stranice",
          "specs" : [ {
            "status" : "info",
            "place" : {
              "filePath" : "specs/template.gspec",
              "lineNumber" : 16
            },
            "name" : "above meni 5 to 25 px",
            "meta" : [ {
              "from" : {
                "object" : "naziv-stranice",
                "edge" : "bottom"
              },
              "to" : {
                "object" : "meni",
                "edge" : "top"
              },
              "expectedDistance" : "5 to 25px",
              "realDistance" : "23px"
            } ],
            "highlight" : [ "naziv-stranice", "meni" ]
          }, {
            "status" : "info",
            "place" : {
              "filePath" : "specs/template.gspec",
              "lineNumber" : 19
            },
            "name" : "inside header",
            "meta" : [ ],
            "highlight" : [ "naziv-stranice", "header" ]
          } ]
        } ]
      } ],
      "objects" : {
        "naziv-stranice" : {
          "area" : [ 1629, 39, 238, 28 ]
        },
        "meni" : {
          "area" : [ 0, 90, 1887, 55 ]
        },
        "header" : {
          "area" : [ 0, 0, 1887, 145 ]
        }
      },
      "screenshot" : "layout-31-screenshot.png",
      "type" : "layout"
    }, {
      "name" : "Check layout: specs/addZadatak.gspec included tags: desktop",
      "status" : "info",
      "time" : 1541347652099,
      "includedTags" : [ "desktop" ],
      "sections" : [ {
        "name" : "Header",
        "place" : {
          "filePath" : "specs/addZadatak.gspec",
          "lineNumber" : 5
        },
        "objects" : [ {
          "name" : "glavni",
          "specs" : [ {
            "status" : "info",
            "place" : {
              "filePath" : "specs/addZadatak.gspec",
              "lineNumber" : 12
            },
            "name" : "width 83 to 86 % of main/width",
            "meta" : [ {
              "from" : {
                "object" : "glavni",
                "edge" : "left"
              },
              "to" : {
                "object" : "glavni",
                "edge" : "right"
              },
              "expectedDistance" : "83 to 86% [1566 to 1622px]",
              "realDistance" : "84% [1603px]"
            } ],
            "highlight" : [ "glavni" ]
          } ]
        } ]
      } ],
      "objects" : {
        "glavni" : {
          "area" : [ 141, 145, 1603, 1139 ]
        }
      },
      "screenshot" : "layout-32-screenshot.png",
      "type" : "layout"
    }, {
      "name" : "Check layout: specs/template.gspec included tags: desktop",
      "status" : "info",
      "time" : 1541347657170,
      "includedTags" : [ "desktop" ],
      "sections" : [ {
        "name" : "Header",
        "place" : {
          "filePath" : "specs/template.gspec",
          "lineNumber" : 6
        },
        "objects" : [ {
          "name" : "naziv-stranice",
          "specs" : [ {
            "status" : "info",
            "place" : {
              "filePath" : "specs/template.gspec",
              "lineNumber" : 16
            },
            "name" : "above meni 5 to 25 px",
            "meta" : [ {
              "from" : {
                "object" : "naziv-stranice",
                "edge" : "bottom"
              },
              "to" : {
                "object" : "meni",
                "edge" : "top"
              },
              "expectedDistance" : "5 to 25px",
              "realDistance" : "23px"
            } ],
            "highlight" : [ "naziv-stranice", "meni" ]
          }, {
            "status" : "info",
            "place" : {
              "filePath" : "specs/template.gspec",
              "lineNumber" : 19
            },
            "name" : "inside header",
            "meta" : [ ],
            "highlight" : [ "naziv-stranice", "header" ]
          } ]
        } ]
      } ],
      "objects" : {
        "naziv-stranice" : {
          "area" : [ 1550, 39, 317, 28 ]
        },
        "meni" : {
          "area" : [ 0, 90, 1887, 55 ]
        },
        "header" : {
          "area" : [ 0, 0, 1887, 145 ]
        }
      },
      "screenshot" : "layout-39-screenshot.png",
      "type" : "layout"
    }, {
      "name" : "Check layout: specs/addVjezba.gspec included tags: desktop",
      "status" : "info",
      "time" : 1541347657984,
      "includedTags" : [ "desktop" ],
      "sections" : [ {
        "name" : "Header",
        "place" : {
          "filePath" : "specs/addVjezba.gspec",
          "lineNumber" : 7
        },
        "objects" : [ {
          "name" : "glavni",
          "specs" : [ {
            "status" : "info",
            "place" : {
              "filePath" : "specs/addVjezba.gspec",
              "lineNumber" : 17
            },
            "name" : "width 83 to 86 % of main/width",
            "meta" : [ {
              "from" : {
                "object" : "glavni",
                "edge" : "left"
              },
              "to" : {
                "object" : "glavni",
                "edge" : "right"
              },
              "expectedDistance" : "83 to 86% [1566 to 1622px]",
              "realDistance" : "84% [1603px]"
            } ],
            "highlight" : [ "glavni" ]
          } ]
        }, {
          "name" : "forma1",
          "specs" : [ {
            "status" : "info",
            "place" : {
              "filePath" : "specs/addVjezba.gspec",
              "lineNumber" : 20
            },
            "name" : "above forma2 5 to 100 px",
            "meta" : [ {
              "from" : {
                "object" : "forma1",
                "edge" : "bottom"
              },
              "to" : {
                "object" : "forma2",
                "edge" : "top"
              },
              "expectedDistance" : "5 to 100px",
              "realDistance" : "32px"
            } ],
            "highlight" : [ "forma1", "forma2" ]
          } ]
        } ]
      } ],
      "objects" : {
        "glavni" : {
          "area" : [ 141, 145, 1603, 984 ]
        },
        "forma2" : {
          "area" : [ 301, 536, 1284, 542 ]
        },
        "forma1" : {
          "area" : [ 301, 209, 1284, 295 ]
        }
      },
      "screenshot" : "layout-41-screenshot.png",
      "type" : "layout"
    }, {
      "name" : "Check layout: specs/template.gspec included tags: desktop",
      "status" : "info",
      "time" : 1541347662796,
      "includedTags" : [ "desktop" ],
      "sections" : [ {
        "name" : "Header",
        "place" : {
          "filePath" : "specs/template.gspec",
          "lineNumber" : 6
        },
        "objects" : [ {
          "name" : "naziv-stranice",
          "specs" : [ {
            "status" : "info",
            "place" : {
              "filePath" : "specs/template.gspec",
              "lineNumber" : 16
            },
            "name" : "above meni 5 to 25 px",
            "meta" : [ {
              "from" : {
                "object" : "naziv-stranice",
                "edge" : "bottom"
              },
              "to" : {
                "object" : "meni",
                "edge" : "top"
              },
              "expectedDistance" : "5 to 25px",
              "realDistance" : "23px"
            } ],
            "highlight" : [ "naziv-stranice", "meni" ]
          }, {
            "status" : "info",
            "place" : {
              "filePath" : "specs/template.gspec",
              "lineNumber" : 19
            },
            "name" : "inside header",
            "meta" : [ ],
            "highlight" : [ "naziv-stranice", "header" ]
          } ]
        } ]
      } ],
      "objects" : {
        "naziv-stranice" : {
          "area" : [ 1629, 39, 238, 28 ]
        },
        "meni" : {
          "area" : [ 0, 90, 1887, 55 ]
        },
        "header" : {
          "area" : [ 0, 0, 1887, 145 ]
        }
      },
      "screenshot" : "layout-49-screenshot.png",
      "type" : "layout"
    }, {
      "name" : "Check layout: specs/addStudent.gspec included tags: desktop",
      "status" : "info",
      "time" : 1541347663570,
      "includedTags" : [ "desktop" ],
      "sections" : [ {
        "name" : "Header",
        "place" : {
          "filePath" : "specs/addStudent.gspec",
          "lineNumber" : 7
        },
        "objects" : [ {
          "name" : "glavni",
          "specs" : [ {
            "status" : "info",
            "place" : {
              "filePath" : "specs/addStudent.gspec",
              "lineNumber" : 17
            },
            "name" : "width 83 to 86 % of main/width",
            "meta" : [ {
              "from" : {
                "object" : "glavni",
                "edge" : "left"
              },
              "to" : {
                "object" : "glavni",
                "edge" : "right"
              },
              "expectedDistance" : "83 to 86% [1566 to 1622px]",
              "realDistance" : "84% [1603px]"
            } ],
            "highlight" : [ "glavni" ]
          } ]
        }, {
          "name" : "forma1",
          "specs" : [ {
            "status" : "info",
            "place" : {
              "filePath" : "specs/addStudent.gspec",
              "lineNumber" : 20
            },
            "name" : "above forma2 5 to 100 px",
            "meta" : [ {
              "from" : {
                "object" : "forma1",
                "edge" : "bottom"
              },
              "to" : {
                "object" : "forma2",
                "edge" : "top"
              },
              "expectedDistance" : "5 to 100px",
              "realDistance" : "32px"
            } ],
            "highlight" : [ "forma1", "forma2" ]
          } ]
        } ]
      } ],
      "objects" : {
        "glavni" : {
          "area" : [ 141, 145, 1603, 997 ]
        },
        "forma2" : {
          "area" : [ 301, 789, 1284, 300 ]
        },
        "forma1" : {
          "area" : [ 301, 209, 1284, 548 ]
        }
      },
      "screenshot" : "layout-50-screenshot.png",
      "type" : "layout"
    }, {
      "name" : "Check layout: specs/template.gspec included tags: desktop",
      "status" : "info",
      "time" : 1541347667996,
      "includedTags" : [ "desktop" ],
      "sections" : [ {
        "name" : "Header",
        "place" : {
          "filePath" : "specs/template.gspec",
          "lineNumber" : 6
        },
        "objects" : [ {
          "name" : "naziv-stranice",
          "specs" : [ {
            "status" : "info",
            "place" : {
              "filePath" : "specs/template.gspec",
              "lineNumber" : 16
            },
            "name" : "above meni 5 to 25 px",
            "meta" : [ {
              "from" : {
                "object" : "naziv-stranice",
                "edge" : "bottom"
              },
              "to" : {
                "object" : "meni",
                "edge" : "top"
              },
              "expectedDistance" : "5 to 25px",
              "realDistance" : "23px"
            } ],
            "highlight" : [ "naziv-stranice", "meni" ]
          }, {
            "status" : "info",
            "place" : {
              "filePath" : "specs/template.gspec",
              "lineNumber" : 19
            },
            "name" : "inside header",
            "meta" : [ ],
            "highlight" : [ "naziv-stranice", "header" ]
          } ]
        } ]
      } ],
      "objects" : {
        "naziv-stranice" : {
          "area" : [ 1672, 39, 211, 28 ]
        },
        "meni" : {
          "area" : [ 0, 90, 1904, 55 ]
        },
        "header" : {
          "area" : [ 0, 0, 1904, 145 ]
        }
      },
      "screenshot" : "layout-55-screenshot.png",
      "type" : "layout"
    }, {
      "name" : "Check layout: specs/addGodina.gspec included tags: desktop",
      "status" : "info",
      "time" : 1541347668493,
      "includedTags" : [ "desktop" ],
      "sections" : [ {
        "name" : "Header",
        "place" : {
          "filePath" : "specs/addGodina.gspec",
          "lineNumber" : 6
        },
        "objects" : [ {
          "name" : "sporedni",
          "specs" : [ {
            "status" : "info",
            "place" : {
              "filePath" : "specs/addGodina.gspec",
              "lineNumber" : 19
            },
            "name" : "left-of glavni 0 to 25 px",
            "meta" : [ {
              "from" : {
                "object" : "sporedni",
                "edge" : "right"
              },
              "to" : {
                "object" : "glavni",
                "edge" : "left"
              },
              "expectedDistance" : "0 to 25px",
              "realDistance" : "0px"
            } ],
            "highlight" : [ "sporedni", "glavni" ]
          }, {
            "status" : "info",
            "place" : {
              "filePath" : "specs/addGodina.gspec",
              "lineNumber" : 22
            },
            "name" : "width 34 to 36 % of main/width",
            "meta" : [ {
              "from" : {
                "object" : "sporedni",
                "edge" : "left"
              },
              "to" : {
                "object" : "sporedni",
                "edge" : "right"
              },
              "expectedDistance" : "34 to 36% [647 to 685px]",
              "realDistance" : "34% [666px]"
            } ],
            "highlight" : [ "sporedni" ]
          } ]
        }, {
          "name" : "glavni",
          "specs" : [ {
            "status" : "info",
            "place" : {
              "filePath" : "specs/addGodina.gspec",
              "lineNumber" : 25
            },
            "name" : "width 64 to 66 % of main/width",
            "meta" : [ {
              "from" : {
                "object" : "glavni",
                "edge" : "left"
              },
              "to" : {
                "object" : "glavni",
                "edge" : "right"
              },
              "expectedDistance" : "64 to 66% [1218 to 1256px]",
              "realDistance" : "65% [1238px]"
            } ],
            "highlight" : [ "glavni" ]
          } ]
        } ]
      } ],
      "objects" : {
        "glavni" : {
          "area" : [ 666, 145, 1238, 794 ]
        },
        "sporedni" : {
          "area" : [ 0, 145, 666, 794 ]
        }
      },
      "screenshot" : "layout-56-screenshot.png",
      "type" : "layout"
    } ]
  }
}