{
  "testId" : "4-firefox-desktop-",
  "name" : "firefox(desktop)",
  "report" : {
    "nodes" : [ {
      "name" : "Check layout: specs/login.gspec included tags: desktop",
      "status" : "info",
      "time" : 1541347326848,
      "includedTags" : [ "desktop" ],
      "sections" : [ {
        "name" : "Header",
        "place" : {
          "filePath" : "specs/login.gspec",
          "lineNumber" : 7
        },
        "objects" : [ {
          "name" : "username-text",
          "specs" : [ {
            "status" : "info",
            "place" : {
              "filePath" : "specs/login.gspec",
              "lineNumber" : 9
            },
            "name" : "left-of username-input 5 to 25 px",
            "meta" : [ {
              "from" : {
                "object" : "username-text",
                "edge" : "right"
              },
              "to" : {
                "object" : "username-input",
                "edge" : "left"
              },
              "expectedDistance" : "5 to 25px",
              "realDistance" : "9px"
            } ],
            "highlight" : [ "username-text", "username-input" ]
          } ]
        }, {
          "name" : "password-text",
          "specs" : [ {
            "status" : "info",
            "place" : {
              "filePath" : "specs/login.gspec",
              "lineNumber" : 12
            },
            "name" : "left-of password-input 5 to 25 px",
            "meta" : [ {
              "from" : {
                "object" : "password-text",
                "edge" : "right"
              },
              "to" : {
                "object" : "password-input",
                "edge" : "left"
              },
              "expectedDistance" : "5 to 25px",
              "realDistance" : "9px"
            } ],
            "highlight" : [ "password-text", "password-input" ]
          } ]
        } ]
      } ],
      "objects" : {
        "password-text" : {
          "area" : [ 477, 489, 200, 18 ]
        },
        "password-input" : {
          "area" : [ 686, 474, 667, 44 ]
        },
        "username-text" : {
          "area" : [ 477, 424, 200, 18 ]
        },
        "username-input" : {
          "area" : [ 686, 410, 667, 44 ]
        }
      },
      "screenshot" : "layout-4-screenshot.png",
      "type" : "layout"
    }, {
      "name" : "Check layout: specs/template.gspec included tags: desktop",
      "status" : "info",
      "time" : 1541347333042,
      "includedTags" : [ "desktop" ],
      "sections" : [ {
        "name" : "Header",
        "place" : {
          "filePath" : "specs/template.gspec",
          "lineNumber" : 6
        },
        "objects" : [ {
          "name" : "naziv-stranice",
          "specs" : [ {
            "status" : "info",
            "place" : {
              "filePath" : "specs/template.gspec",
              "lineNumber" : 16
            },
            "name" : "above meni 5 to 25 px",
            "meta" : [ {
              "from" : {
                "object" : "naziv-stranice",
                "edge" : "bottom"
              },
              "to" : {
                "object" : "meni",
                "edge" : "top"
              },
              "expectedDistance" : "5 to 25px",
              "realDistance" : "24px"
            } ],
            "highlight" : [ "naziv-stranice", "meni" ]
          }, {
            "status" : "info",
            "place" : {
              "filePath" : "specs/template.gspec",
              "lineNumber" : 19
            },
            "name" : "inside header",
            "meta" : [ ],
            "highlight" : [ "naziv-stranice", "header" ]
          } ]
        } ]
      } ],
      "objects" : {
        "naziv-stranice" : {
          "area" : [ 1643, 39, 244, 27 ]
        },
        "meni" : {
          "area" : [ 0, 90, 1908, 54 ]
        },
        "header" : {
          "area" : [ 0, 0, 1908, 144 ]
        }
      },
      "screenshot" : "layout-9-screenshot.png",
      "type" : "layout"
    }, {
      "name" : "Check layout: specs/studenti.gspec included tags: desktop",
      "status" : "info",
      "time" : 1541347333545,
      "includedTags" : [ "desktop" ],
      "sections" : [ {
        "name" : "Header",
        "place" : {
          "filePath" : "specs/studenti.gspec",
          "lineNumber" : 6
        },
        "objects" : [ {
          "name" : "sporedni",
          "specs" : [ {
            "status" : "info",
            "place" : {
              "filePath" : "specs/studenti.gspec",
              "lineNumber" : 19
            },
            "name" : "width 34 to 36 % of main/width",
            "meta" : [ {
              "from" : {
                "object" : "sporedni",
                "edge" : "left"
              },
              "to" : {
                "object" : "sporedni",
                "edge" : "right"
              },
              "expectedDistance" : "34 to 36% [648 to 686px]",
              "realDistance" : "34% [667px]"
            } ],
            "highlight" : [ "sporedni" ]
          }, {
            "status" : "info",
            "place" : {
              "filePath" : "specs/studenti.gspec",
              "lineNumber" : 25
            },
            "name" : "left-of glavni 0 to 5 px",
            "meta" : [ {
              "from" : {
                "object" : "sporedni",
                "edge" : "right"
              },
              "to" : {
                "object" : "glavni",
                "edge" : "left"
              },
              "expectedDistance" : "0 to 5px",
              "realDistance" : "0px"
            } ],
            "highlight" : [ "sporedni", "glavni" ]
          } ]
        }, {
          "name" : "glavni",
          "specs" : [ {
            "status" : "info",
            "place" : {
              "filePath" : "specs/studenti.gspec",
              "lineNumber" : 22
            },
            "name" : "width 64 to 66 % of main/width",
            "meta" : [ {
              "from" : {
                "object" : "glavni",
                "edge" : "left"
              },
              "to" : {
                "object" : "glavni",
                "edge" : "right"
              },
              "expectedDistance" : "64 to 66% [1221 to 1259px]",
              "realDistance" : "64% [1240px]"
            } ],
            "highlight" : [ "glavni" ]
          } ]
        } ]
      } ],
      "objects" : {
        "glavni" : {
          "area" : [ 667, 144, 1240, 799 ]
        },
        "sporedni" : {
          "area" : [ 0, 144, 667, 799 ]
        }
      },
      "screenshot" : "layout-11-screenshot.png",
      "type" : "layout"
    }, {
      "name" : "Check layout: specs/template.gspec included tags: desktop",
      "status" : "info",
      "time" : 1541347339262,
      "includedTags" : [ "desktop" ],
      "sections" : [ {
        "name" : "Header",
        "place" : {
          "filePath" : "specs/template.gspec",
          "lineNumber" : 6
        },
        "objects" : [ {
          "name" : "naziv-stranice",
          "specs" : [ {
            "status" : "info",
            "place" : {
              "filePath" : "specs/template.gspec",
              "lineNumber" : 16
            },
            "name" : "above meni 5 to 25 px",
            "meta" : [ {
              "from" : {
                "object" : "naziv-stranice",
                "edge" : "bottom"
              },
              "to" : {
                "object" : "meni",
                "edge" : "top"
              },
              "expectedDistance" : "5 to 25px",
              "realDistance" : "24px"
            } ],
            "highlight" : [ "naziv-stranice", "meni" ]
          }, {
            "status" : "info",
            "place" : {
              "filePath" : "specs/template.gspec",
              "lineNumber" : 19
            },
            "name" : "inside header",
            "meta" : [ ],
            "highlight" : [ "naziv-stranice", "header" ]
          } ]
        } ]
      } ],
      "objects" : {
        "naziv-stranice" : {
          "area" : [ 1700, 39, 187, 27 ]
        },
        "meni" : {
          "area" : [ 0, 90, 1908, 54 ]
        },
        "header" : {
          "area" : [ 0, 0, 1908, 144 ]
        }
      },
      "screenshot" : "layout-18-screenshot.png",
      "type" : "layout"
    }, {
      "name" : "Check layout: specs/zadaci.gspec included tags: desktop",
      "status" : "info",
      "time" : 1541347339810,
      "includedTags" : [ "desktop" ],
      "sections" : [ {
        "name" : "Header",
        "place" : {
          "filePath" : "specs/zadaci.gspec",
          "lineNumber" : 7
        },
        "objects" : [ {
          "name" : "cetvrtina1",
          "specs" : [ {
            "status" : "info",
            "place" : {
              "filePath" : "specs/zadaci.gspec",
              "lineNumber" : 26
            },
            "name" : "width 23 to 26 % of main/width",
            "meta" : [ {
              "from" : {
                "object" : "cetvrtina1",
                "edge" : "left"
              },
              "to" : {
                "object" : "cetvrtina1",
                "edge" : "right"
              },
              "expectedDistance" : "23 to 26% [438 to 496px]",
              "realDistance" : "25% [477px]"
            } ],
            "highlight" : [ "cetvrtina1" ]
          }, {
            "status" : "info",
            "place" : {
              "filePath" : "specs/zadaci.gspec",
              "lineNumber" : 35
            },
            "name" : "left-of cetvrtina2 0 to 5 px",
            "meta" : [ {
              "from" : {
                "object" : "cetvrtina1",
                "edge" : "right"
              },
              "to" : {
                "object" : "cetvrtina2",
                "edge" : "left"
              },
              "expectedDistance" : "0 to 5px",
              "realDistance" : "0px"
            } ],
            "highlight" : [ "cetvrtina1", "cetvrtina2" ]
          } ]
        }, {
          "name" : "cetvrtina2",
          "specs" : [ {
            "status" : "info",
            "place" : {
              "filePath" : "specs/zadaci.gspec",
              "lineNumber" : 29
            },
            "name" : "width 23 to 26 % of main/width",
            "meta" : [ {
              "from" : {
                "object" : "cetvrtina2",
                "edge" : "left"
              },
              "to" : {
                "object" : "cetvrtina2",
                "edge" : "right"
              },
              "expectedDistance" : "23 to 26% [438 to 496px]",
              "realDistance" : "25% [477px]"
            } ],
            "highlight" : [ "cetvrtina2" ]
          }, {
            "status" : "info",
            "place" : {
              "filePath" : "specs/zadaci.gspec",
              "lineNumber" : 38
            },
            "name" : "left-of polovina 0 to 5 px",
            "meta" : [ {
              "from" : {
                "object" : "cetvrtina2",
                "edge" : "right"
              },
              "to" : {
                "object" : "polovina",
                "edge" : "left"
              },
              "expectedDistance" : "0 to 5px",
              "realDistance" : "0px"
            } ],
            "highlight" : [ "cetvrtina2", "polovina" ]
          } ]
        }, {
          "name" : "polovina",
          "specs" : [ {
            "status" : "info",
            "place" : {
              "filePath" : "specs/zadaci.gspec",
              "lineNumber" : 32
            },
            "name" : "width 49 to 51 % of main/width",
            "meta" : [ {
              "from" : {
                "object" : "polovina",
                "edge" : "left"
              },
              "to" : {
                "object" : "polovina",
                "edge" : "right"
              },
              "expectedDistance" : "49 to 51% [934 to 973px]",
              "realDistance" : "50% [954px]"
            } ],
            "highlight" : [ "polovina" ]
          } ]
        } ]
      } ],
      "objects" : {
        "cetvrtina1" : {
          "area" : [ 0, 144, 477, 799 ]
        },
        "cetvrtina2" : {
          "area" : [ 477, 144, 477, 799 ]
        },
        "polovina" : {
          "area" : [ 954, 144, 954, 799 ]
        }
      },
      "screenshot" : "layout-20-screenshot.png",
      "type" : "layout"
    }, {
      "name" : "Check layout: specs/template.gspec included tags: desktop",
      "status" : "info",
      "time" : 1541347345303,
      "includedTags" : [ "desktop" ],
      "sections" : [ {
        "name" : "Header",
        "place" : {
          "filePath" : "specs/template.gspec",
          "lineNumber" : 6
        },
        "objects" : [ {
          "name" : "naziv-stranice",
          "specs" : [ {
            "status" : "info",
            "place" : {
              "filePath" : "specs/template.gspec",
              "lineNumber" : 16
            },
            "name" : "above meni 5 to 25 px",
            "meta" : [ {
              "from" : {
                "object" : "naziv-stranice",
                "edge" : "bottom"
              },
              "to" : {
                "object" : "meni",
                "edge" : "top"
              },
              "expectedDistance" : "5 to 25px",
              "realDistance" : "24px"
            } ],
            "highlight" : [ "naziv-stranice", "meni" ]
          }, {
            "status" : "info",
            "place" : {
              "filePath" : "specs/template.gspec",
              "lineNumber" : 19
            },
            "name" : "inside header",
            "meta" : [ ],
            "highlight" : [ "naziv-stranice", "header" ]
          } ]
        } ]
      } ],
      "objects" : {
        "naziv-stranice" : {
          "area" : [ 1672, 39, 216, 27 ]
        },
        "meni" : {
          "area" : [ 0, 90, 1908, 54 ]
        },
        "header" : {
          "area" : [ 0, 0, 1908, 144 ]
        }
      },
      "screenshot" : "layout-24-screenshot.png",
      "type" : "layout"
    }, {
      "name" : "Check layout: specs/template.gspec included tags: desktop",
      "status" : "info",
      "time" : 1541347351192,
      "includedTags" : [ "desktop" ],
      "sections" : [ {
        "name" : "Header",
        "place" : {
          "filePath" : "specs/template.gspec",
          "lineNumber" : 6
        },
        "objects" : [ {
          "name" : "naziv-stranice",
          "specs" : [ {
            "status" : "info",
            "place" : {
              "filePath" : "specs/template.gspec",
              "lineNumber" : 16
            },
            "name" : "above meni 5 to 25 px",
            "meta" : [ {
              "from" : {
                "object" : "naziv-stranice",
                "edge" : "bottom"
              },
              "to" : {
                "object" : "meni",
                "edge" : "top"
              },
              "expectedDistance" : "5 to 25px",
              "realDistance" : "24px"
            } ],
            "highlight" : [ "naziv-stranice", "meni" ]
          }, {
            "status" : "info",
            "place" : {
              "filePath" : "specs/template.gspec",
              "lineNumber" : 19
            },
            "name" : "inside header",
            "meta" : [ ],
            "highlight" : [ "naziv-stranice", "header" ]
          } ]
        } ]
      } ],
      "objects" : {
        "naziv-stranice" : {
          "area" : [ 1611, 39, 259, 27 ]
        },
        "meni" : {
          "area" : [ 0, 90, 1891, 54 ]
        },
        "header" : {
          "area" : [ 0, 0, 1891, 144 ]
        }
      },
      "screenshot" : "layout-31-screenshot.png",
      "type" : "layout"
    }, {
      "name" : "Check layout: specs/addZadatak.gspec included tags: desktop",
      "status" : "info",
      "time" : 1541347351508,
      "includedTags" : [ "desktop" ],
      "sections" : [ {
        "name" : "Header",
        "place" : {
          "filePath" : "specs/addZadatak.gspec",
          "lineNumber" : 5
        },
        "objects" : [ {
          "name" : "glavni",
          "specs" : [ {
            "status" : "info",
            "place" : {
              "filePath" : "specs/addZadatak.gspec",
              "lineNumber" : 12
            },
            "name" : "width 83 to 86 % of main/width",
            "meta" : [ {
              "from" : {
                "object" : "glavni",
                "edge" : "left"
              },
              "to" : {
                "object" : "glavni",
                "edge" : "right"
              },
              "expectedDistance" : "83 to 86% [1569 to 1626px]",
              "realDistance" : "84% [1607px]"
            } ],
            "highlight" : [ "glavni" ]
          } ]
        } ]
      } ],
      "objects" : {
        "glavni" : {
          "area" : [ 141, 144, 1607, 1276 ]
        }
      },
      "screenshot" : "layout-32-screenshot.png",
      "type" : "layout"
    }, {
      "name" : "Check layout: specs/template.gspec included tags: desktop",
      "status" : "info",
      "time" : 1541347357565,
      "includedTags" : [ "desktop" ],
      "sections" : [ {
        "name" : "Header",
        "place" : {
          "filePath" : "specs/template.gspec",
          "lineNumber" : 6
        },
        "objects" : [ {
          "name" : "naziv-stranice",
          "specs" : [ {
            "status" : "info",
            "place" : {
              "filePath" : "specs/template.gspec",
              "lineNumber" : 16
            },
            "name" : "above meni 5 to 25 px",
            "meta" : [ {
              "from" : {
                "object" : "naziv-stranice",
                "edge" : "bottom"
              },
              "to" : {
                "object" : "meni",
                "edge" : "top"
              },
              "expectedDistance" : "5 to 25px",
              "realDistance" : "24px"
            } ],
            "highlight" : [ "naziv-stranice", "meni" ]
          }, {
            "status" : "info",
            "place" : {
              "filePath" : "specs/template.gspec",
              "lineNumber" : 19
            },
            "name" : "inside header",
            "meta" : [ ],
            "highlight" : [ "naziv-stranice", "header" ]
          } ]
        } ]
      } ],
      "objects" : {
        "naziv-stranice" : {
          "area" : [ 1525, 39, 345, 27 ]
        },
        "meni" : {
          "area" : [ 0, 90, 1891, 54 ]
        },
        "header" : {
          "area" : [ 0, 0, 1891, 144 ]
        }
      },
      "screenshot" : "layout-39-screenshot.png",
      "type" : "layout"
    }, {
      "name" : "Check layout: specs/addVjezba.gspec included tags: desktop",
      "status" : "error",
      "time" : 1541347357894,
      "includedTags" : [ "desktop" ],
      "sections" : [ {
        "name" : "Header",
        "place" : {
          "filePath" : "specs/addVjezba.gspec",
          "lineNumber" : 7
        },
        "objects" : [ {
          "name" : "glavni",
          "specs" : [ {
            "status" : "info",
            "place" : {
              "filePath" : "specs/addVjezba.gspec",
              "lineNumber" : 17
            },
            "name" : "width 83 to 86 % of main/width",
            "meta" : [ {
              "from" : {
                "object" : "glavni",
                "edge" : "left"
              },
              "to" : {
                "object" : "glavni",
                "edge" : "right"
              },
              "expectedDistance" : "83 to 86% [1569 to 1626px]",
              "realDistance" : "84% [1607px]"
            } ],
            "highlight" : [ "glavni" ]
          } ]
        }, {
          "name" : "forma1",
          "specs" : [ {
            "status" : "error",
            "place" : {
              "filePath" : "specs/addVjezba.gspec",
              "lineNumber" : 20
            },
            "name" : "above forma2 5 to 100 px",
            "errors" : [ "\"forma1\" is absent on page" ],
            "highlight" : [ ]
          } ]
        } ]
      } ],
      "objects" : {
        "glavni" : {
          "area" : [ 141, 144, 1607, 1066 ]
        }
      },
      "screenshot" : "layout-40-screenshot.png",
      "type" : "layout"
    }, {
      "name" : "Check layout: specs/template.gspec included tags: desktop",
      "status" : "info",
      "time" : 1541347363810,
      "includedTags" : [ "desktop" ],
      "sections" : [ {
        "name" : "Header",
        "place" : {
          "filePath" : "specs/template.gspec",
          "lineNumber" : 6
        },
        "objects" : [ {
          "name" : "naziv-stranice",
          "specs" : [ {
            "status" : "info",
            "place" : {
              "filePath" : "specs/template.gspec",
              "lineNumber" : 16
            },
            "name" : "above meni 5 to 25 px",
            "meta" : [ {
              "from" : {
                "object" : "naziv-stranice",
                "edge" : "bottom"
              },
              "to" : {
                "object" : "meni",
                "edge" : "top"
              },
              "expectedDistance" : "5 to 25px",
              "realDistance" : "24px"
            } ],
            "highlight" : [ "naziv-stranice", "meni" ]
          }, {
            "status" : "info",
            "place" : {
              "filePath" : "specs/template.gspec",
              "lineNumber" : 19
            },
            "name" : "inside header",
            "meta" : [ ],
            "highlight" : [ "naziv-stranice", "header" ]
          } ]
        } ]
      } ],
      "objects" : {
        "naziv-stranice" : {
          "area" : [ 1611, 39, 259, 27 ]
        },
        "meni" : {
          "area" : [ 0, 90, 1891, 54 ]
        },
        "header" : {
          "area" : [ 0, 0, 1891, 144 ]
        }
      },
      "screenshot" : "layout-47-screenshot.png",
      "type" : "layout"
    }, {
      "name" : "Check layout: specs/addStudent.gspec included tags: desktop",
      "status" : "error",
      "time" : 1541347364158,
      "includedTags" : [ "desktop" ],
      "sections" : [ {
        "name" : "Header",
        "place" : {
          "filePath" : "specs/addStudent.gspec",
          "lineNumber" : 7
        },
        "objects" : [ {
          "name" : "glavni",
          "specs" : [ {
            "status" : "info",
            "place" : {
              "filePath" : "specs/addStudent.gspec",
              "lineNumber" : 17
            },
            "name" : "width 83 to 86 % of main/width",
            "meta" : [ {
              "from" : {
                "object" : "glavni",
                "edge" : "left"
              },
              "to" : {
                "object" : "glavni",
                "edge" : "right"
              },
              "expectedDistance" : "83 to 86% [1569 to 1626px]",
              "realDistance" : "84% [1607px]"
            } ],
            "highlight" : [ "glavni" ]
          } ]
        }, {
          "name" : "forma1",
          "specs" : [ {
            "status" : "error",
            "place" : {
              "filePath" : "specs/addStudent.gspec",
              "lineNumber" : 20
            },
            "name" : "above forma2 5 to 100 px",
            "errors" : [ "\"forma1\" is absent on page" ],
            "highlight" : [ ]
          } ]
        } ]
      } ],
      "objects" : {
        "glavni" : {
          "area" : [ 141, 144, 1607, 1084 ]
        }
      },
      "screenshot" : "layout-48-screenshot.png",
      "type" : "layout"
    }, {
      "name" : "Check layout: specs/template.gspec included tags: desktop",
      "status" : "info",
      "time" : 1541347369432,
      "includedTags" : [ "desktop" ],
      "sections" : [ {
        "name" : "Header",
        "place" : {
          "filePath" : "specs/template.gspec",
          "lineNumber" : 6
        },
        "objects" : [ {
          "name" : "naziv-stranice",
          "specs" : [ {
            "status" : "info",
            "place" : {
              "filePath" : "specs/template.gspec",
              "lineNumber" : 16
            },
            "name" : "above meni 5 to 25 px",
            "meta" : [ {
              "from" : {
                "object" : "naziv-stranice",
                "edge" : "bottom"
              },
              "to" : {
                "object" : "meni",
                "edge" : "top"
              },
              "expectedDistance" : "5 to 25px",
              "realDistance" : "24px"
            } ],
            "highlight" : [ "naziv-stranice", "meni" ]
          }, {
            "status" : "info",
            "place" : {
              "filePath" : "specs/template.gspec",
              "lineNumber" : 19
            },
            "name" : "inside header",
            "meta" : [ ],
            "highlight" : [ "naziv-stranice", "header" ]
          } ]
        } ]
      } ],
      "objects" : {
        "naziv-stranice" : {
          "area" : [ 1657, 39, 230, 27 ]
        },
        "meni" : {
          "area" : [ 0, 90, 1908, 54 ]
        },
        "header" : {
          "area" : [ 0, 0, 1908, 144 ]
        }
      },
      "screenshot" : "layout-55-screenshot.png",
      "type" : "layout"
    }, {
      "name" : "Check layout: specs/addGodina.gspec included tags: desktop",
      "status" : "info",
      "time" : 1541347369773,
      "includedTags" : [ "desktop" ],
      "sections" : [ {
        "name" : "Header",
        "place" : {
          "filePath" : "specs/addGodina.gspec",
          "lineNumber" : 6
        },
        "objects" : [ {
          "name" : "sporedni",
          "specs" : [ {
            "status" : "info",
            "place" : {
              "filePath" : "specs/addGodina.gspec",
              "lineNumber" : 19
            },
            "name" : "left-of glavni 0 to 25 px",
            "meta" : [ {
              "from" : {
                "object" : "sporedni",
                "edge" : "right"
              },
              "to" : {
                "object" : "glavni",
                "edge" : "left"
              },
              "expectedDistance" : "0 to 25px",
              "realDistance" : "0px"
            } ],
            "highlight" : [ "sporedni", "glavni" ]
          }, {
            "status" : "info",
            "place" : {
              "filePath" : "specs/addGodina.gspec",
              "lineNumber" : 22
            },
            "name" : "width 34 to 36 % of main/width",
            "meta" : [ {
              "from" : {
                "object" : "sporedni",
                "edge" : "left"
              },
              "to" : {
                "object" : "sporedni",
                "edge" : "right"
              },
              "expectedDistance" : "34 to 36% [648 to 686px]",
              "realDistance" : "34% [667px]"
            } ],
            "highlight" : [ "sporedni" ]
          } ]
        }, {
          "name" : "glavni",
          "specs" : [ {
            "status" : "info",
            "place" : {
              "filePath" : "specs/addGodina.gspec",
              "lineNumber" : 25
            },
            "name" : "width 64 to 66 % of main/width",
            "meta" : [ {
              "from" : {
                "object" : "glavni",
                "edge" : "left"
              },
              "to" : {
                "object" : "glavni",
                "edge" : "right"
              },
              "expectedDistance" : "64 to 66% [1221 to 1259px]",
              "realDistance" : "64% [1240px]"
            } ],
            "highlight" : [ "glavni" ]
          } ]
        } ]
      } ],
      "objects" : {
        "glavni" : {
          "area" : [ 667, 144, 1240, 799 ]
        },
        "sporedni" : {
          "area" : [ 0, 144, 667, 799 ]
        }
      },
      "screenshot" : "layout-56-screenshot.png",
      "type" : "layout"
    } ]
  }
}