{
  "tests" : [ {
    "name" : "firefox(mobile)",
    "startedAt" : 1541347623773,
    "endedAt" : 1541347663433,
    "failed" : false,
    "statistic" : {
      "passed" : 32,
      "errors" : 0,
      "warnings" : 0,
      "total" : 32
    },
    "testId" : "1-firefox-mobile-",
    "groups" : [ ],
    "duration" : 39660,
    "failed" : false
  }, {
    "name" : "chrome(mobile)",
    "startedAt" : 1541347623773,
    "endedAt" : 1541347665741,
    "failed" : false,
    "statistic" : {
      "passed" : 32,
      "errors" : 0,
      "warnings" : 0,
      "total" : 32
    },
    "testId" : "2-chrome-mobile-",
    "groups" : [ ],
    "duration" : 41968,
    "failed" : false
  }, {
    "name" : "firefox(desktop)",
    "startedAt" : 1541347623773,
    "endedAt" : 1541347665980,
    "failed" : false,
    "statistic" : {
      "passed" : 32,
      "errors" : 0,
      "warnings" : 0,
      "total" : 32
    },
    "testId" : "3-firefox-desktop-",
    "groups" : [ ],
    "duration" : 42207,
    "failed" : false
  }, {
    "name" : "chrome(desktop)",
    "startedAt" : 1541347623773,
    "endedAt" : 1541347669099,
    "failed" : false,
    "statistic" : {
      "passed" : 32,
      "errors" : 0,
      "warnings" : 0,
      "total" : 32
    },
    "testId" : "4-chrome-desktop-",
    "groups" : [ ],
    "duration" : 45326,
    "failed" : false
  } ]
}