{
  "testId" : "1-addvjezbatest.gspec",
  "name" : "addVjezbatest.gspec",
  "report" : {
    "nodes" : [ {
      "name" : "Simple check",
      "status" : "info",
      "nodes" : [ {
        "name" : "check  addVjezbatest.gspec --url http://127.0.0.1:5500/addVjezba.html --size 580x400 --htmlreport addVjezbatest600",
        "status" : "info",
        "nodes" : [ {
          "name" : "Check layout: addVjezbatest.gspec included tags: ",
          "status" : "info",
          "time" : 1541534921501,
          "sections" : [ {
            "name" : "main section",
            "place" : {
              "filePath" : "addVjezbatest.gspec",
              "lineNumber" : 15
            },
            "objects" : [ {
              "name" : "header",
              "specs" : [ {
                "status" : "info",
                "place" : {
                  "filePath" : "addVjezbatest.gspec",
                  "lineNumber" : 17
                },
                "name" : "above footer",
                "meta" : [ {
                  "from" : {
                    "object" : "header",
                    "edge" : "bottom"
                  },
                  "to" : {
                    "object" : "footer",
                    "edge" : "top"
                  },
                  "expectedDistance" : ">= 0px",
                  "realDistance" : "823px"
                } ],
                "highlight" : [ "header", "footer" ]
              }, {
                "status" : "info",
                "place" : {
                  "filePath" : "addVjezbatest.gspec",
                  "lineNumber" : 18
                },
                "name" : "contains logo",
                "highlight" : [ "header", "logo" ]
              }, {
                "status" : "info",
                "place" : {
                  "filePath" : "addVjezbatest.gspec",
                  "lineNumber" : 19
                },
                "name" : "contains naslov",
                "highlight" : [ "header", "naslov" ]
              }, {
                "status" : "info",
                "place" : {
                  "filePath" : "addVjezbatest.gspec",
                  "lineNumber" : 20
                },
                "name" : "contains meni",
                "highlight" : [ "header", "meni" ]
              } ]
            }, {
              "name" : "meni",
              "specs" : [ {
                "status" : "info",
                "place" : {
                  "filePath" : "addVjezbatest.gspec",
                  "lineNumber" : 24
                },
                "name" : "above naslov >= -1px",
                "meta" : [ {
                  "from" : {
                    "object" : "meni",
                    "edge" : "bottom"
                  },
                  "to" : {
                    "object" : "naslov",
                    "edge" : "top"
                  },
                  "expectedDistance" : ">= -1px",
                  "realDistance" : "1px"
                } ],
                "highlight" : [ "meni", "naslov" ]
              } ]
            }, {
              "name" : "glavni",
              "specs" : [ {
                "status" : "info",
                "place" : {
                  "filePath" : "addVjezbatest.gspec",
                  "lineNumber" : 27
                },
                "name" : "width 100 % of screen/width",
                "meta" : [ {
                  "from" : {
                    "object" : "glavni",
                    "edge" : "left"
                  },
                  "to" : {
                    "object" : "glavni",
                    "edge" : "right"
                  },
                  "expectedDistance" : "100% [553px]",
                  "realDistance" : "100% [553px]"
                } ],
                "highlight" : [ "glavni" ]
              } ]
            }, {
              "name" : "post",
              "specs" : [ {
                "status" : "info",
                "place" : {
                  "filePath" : "addVjezbatest.gspec",
                  "lineNumber" : 36
                },
                "name" : "above nova >= -1px",
                "meta" : [ {
                  "from" : {
                    "object" : "post",
                    "edge" : "bottom"
                  },
                  "to" : {
                    "object" : "nova",
                    "edge" : "top"
                  },
                  "expectedDistance" : ">= -1px",
                  "realDistance" : "40px"
                } ],
                "highlight" : [ "post", "nova" ]
              }, {
                "status" : "info",
                "place" : {
                  "filePath" : "addVjezbatest.gspec",
                  "lineNumber" : 37
                },
                "name" : "contains select1",
                "highlight" : [ "post", "select1" ]
              } ]
            }, {
              "name" : "nova",
              "specs" : [ {
                "status" : "info",
                "place" : {
                  "filePath" : "addVjezbatest.gspec",
                  "lineNumber" : 40
                },
                "name" : "contains select2",
                "highlight" : [ "nova", "select2" ]
              }, {
                "status" : "info",
                "place" : {
                  "filePath" : "addVjezbatest.gspec",
                  "lineNumber" : 41
                },
                "name" : "contains lista",
                "highlight" : [ "nova", "lista" ]
              }, {
                "status" : "info",
                "place" : {
                  "filePath" : "addVjezbatest.gspec",
                  "lineNumber" : 42
                },
                "name" : "contains checkbox",
                "highlight" : [ "nova", "checkbox" ]
              } ]
            } ]
          } ],
          "objects" : {
            "meni" : {
              "area" : [ 0, 84, 553, 44 ]
            },
            "lista" : {
              "area" : [ 250, 835, 110, 58 ]
            },
            "select2" : {
              "area" : [ 250, 786, 111, 19 ]
            },
            "naslov" : {
              "area" : [ 277, 129, 260, 74 ]
            },
            "select1" : {
              "area" : [ 250, 377, 111, 19 ]
            },
            "post" : {
              "area" : [ 180, 228, 278, 314 ]
            },
            "footer" : {
              "area" : [ 0, 1031, 553, 28 ]
            },
            "glavni" : {
              "area" : [ 0, 208, 553, 823 ]
            },
            "checkbox" : {
              "area" : [ 250, 972, 13, 13 ]
            },
            "header" : {
              "area" : [ 0, 0, 553, 208 ]
            },
            "logo" : {
              "area" : [ 2, 2, 76, 77 ]
            },
            "nova" : {
              "area" : [ 180, 582, 278, 429 ]
            }
          },
          "screenshot" : "layout-1-screenshot.png",
          "type" : "layout"
        } ],
        "time" : 1541534920025,
        "type" : "node"
      } ],
      "time" : 1541534916026,
      "type" : "node"
    } ]
  }
}