{
  "testId" : "1-addstudenttest600px.gspec",
  "name" : "addStudentTest600px.gspec",
  "report" : {
    "nodes" : [ {
      "name" : "Simple check",
      "status" : "info",
      "nodes" : [ {
        "name" : "check  addStudentTest600px.gspec --url http://localhost/addStudent.html --size 599x720 --htmlreport addStudent600pxTestResults",
        "status" : "info",
        "nodes" : [ {
          "name" : "Check layout: addStudentTest600px.gspec included tags: ",
          "status" : "info",
          "time" : 1541445822299,
          "sections" : [ {
            "name" : "Meni section",
            "objects" : [ {
              "name" : "header",
              "specs" : [ {
                "status" : "info",
                "place" : {
                  "filePath" : "addStudentTest600px.gspec",
                  "lineNumber" : 13
                },
                "name" : "contains partly meni, logo, naziv",
                "highlight" : [ "header", "meni", "logo", "naziv" ]
              }, {
                "status" : "info",
                "place" : {
                  "filePath" : "addStudentTest600px.gspec",
                  "lineNumber" : 20
                },
                "name" : "above glavniSadrzaj  -1px",
                "highlight" : [ "header", "glavniSadrzaj" ]
              } ]
            }, {
              "name" : "glavniSadrzaj",
              "specs" : [ {
                "status" : "info",
                "place" : {
                  "filePath" : "addStudentTest600px.gspec",
                  "lineNumber" : 15
                },
                "name" : "above footer 0px",
                "highlight" : [ "glavniSadrzaj", "footer" ]
              }, {
                "status" : "info",
                "place" : {
                  "filePath" : "addStudentTest600px.gspec",
                  "lineNumber" : 16
                },
                "name" : "width 100 % of screen/width",
                "highlight" : [ "glavniSadrzaj" ]
              } ]
            }, {
              "name" : "footer",
              "specs" : [ {
                "status" : "info",
                "place" : {
                  "filePath" : "addStudentTest600px.gspec",
                  "lineNumber" : 18
                },
                "name" : "text contains \"Web tehnologije 2018/19\"",
                "highlight" : [ "footer" ]
              } ]
            }, {
              "name" : "logo",
              "specs" : [ {
                "status" : "info",
                "place" : {
                  "filePath" : "addStudentTest600px.gspec",
                  "lineNumber" : 22
                },
                "name" : "inside header 0px top left",
                "highlight" : [ "logo", "header" ]
              } ]
            }, {
              "name" : "forma",
              "specs" : [ {
                "status" : "info",
                "place" : {
                  "filePath" : "addStudentTest600px.gspec",
                  "lineNumber" : 24
                },
                "name" : "inside glavniSadrzaj",
                "highlight" : [ "forma", "glavniSadrzaj" ]
              } ]
            } ]
          } ],
          "objects" : {
            "meni" : {
              "area" : [ 0, 69, 576, 50 ]
            },
            "glavniSadrzaj" : {
              "area" : [ 0, 151, 576, 752 ]
            },
            "footer" : {
              "area" : [ 0, 903, 576, 59 ]
            },
            "naziv" : {
              "area" : [ 0, 119, 582, 33 ]
            },
            "header" : {
              "area" : [ 0, 0, 576, 152 ]
            },
            "logo" : {
              "area" : [ 0, 0, 80, 52 ]
            },
            "forma" : {
              "area" : [ 28, 180, 518, 396 ]
            }
          },
          "screenshot" : "layout-1-screenshot.png",
          "type" : "layout"
        } ],
        "time" : 1541445821034,
        "type" : "node"
      } ],
      "time" : 1541445818349,
      "type" : "node"
    } ]
  }
}