{
  "testId" : "1-addvjezbatest.gspec",
  "name" : "addVjezbatest.gspec",
  "report" : {
    "nodes" : [ {
      "name" : "Simple check",
      "status" : "info",
      "nodes" : [ {
        "name" : "check  addVjezbatest.gspec --url http://127.0.0.1:5500/addVjezba.html --size 1280x1024 --htmlreport addVjezbatest",
        "status" : "info",
        "nodes" : [ {
          "name" : "Check layout: addVjezbatest.gspec included tags: ",
          "status" : "info",
          "time" : 1541534902288,
          "sections" : [ {
            "name" : "main section",
            "place" : {
              "filePath" : "addVjezbatest.gspec",
              "lineNumber" : 15
            },
            "objects" : [ {
              "name" : "header",
              "specs" : [ {
                "status" : "info",
                "place" : {
                  "filePath" : "addVjezbatest.gspec",
                  "lineNumber" : 17
                },
                "name" : "above footer",
                "meta" : [ {
                  "from" : {
                    "object" : "header",
                    "edge" : "bottom"
                  },
                  "to" : {
                    "object" : "footer",
                    "edge" : "top"
                  },
                  "expectedDistance" : ">= 0px",
                  "realDistance" : "764px"
                } ],
                "highlight" : [ "header", "footer" ]
              }, {
                "status" : "info",
                "place" : {
                  "filePath" : "addVjezbatest.gspec",
                  "lineNumber" : 18
                },
                "name" : "contains logo",
                "highlight" : [ "header", "logo" ]
              }, {
                "status" : "info",
                "place" : {
                  "filePath" : "addVjezbatest.gspec",
                  "lineNumber" : 19
                },
                "name" : "contains naslov",
                "highlight" : [ "header", "naslov" ]
              }, {
                "status" : "info",
                "place" : {
                  "filePath" : "addVjezbatest.gspec",
                  "lineNumber" : 20
                },
                "name" : "contains meni",
                "highlight" : [ "header", "meni" ]
              } ]
            }, {
              "name" : "meni",
              "specs" : [ {
                "status" : "info",
                "place" : {
                  "filePath" : "addVjezbatest.gspec",
                  "lineNumber" : 30
                },
                "name" : "below naslov >= -1px",
                "meta" : [ {
                  "from" : {
                    "object" : "meni",
                    "edge" : "top"
                  },
                  "to" : {
                    "object" : "naslov",
                    "edge" : "bottom"
                  },
                  "expectedDistance" : ">= -1px",
                  "realDistance" : "26px"
                } ],
                "highlight" : [ "meni", "naslov" ]
              } ]
            }, {
              "name" : "glavni",
              "specs" : [ {
                "status" : "info",
                "place" : {
                  "filePath" : "addVjezbatest.gspec",
                  "lineNumber" : 33
                },
                "name" : "width 84 to 86 % of screen/width",
                "meta" : [ {
                  "from" : {
                    "object" : "glavni",
                    "edge" : "left"
                  },
                  "to" : {
                    "object" : "glavni",
                    "edge" : "right"
                  },
                  "expectedDistance" : "84 to 86% [1066 to 1092px]",
                  "realDistance" : "85% [1080px]"
                } ],
                "highlight" : [ "glavni" ]
              } ]
            }, {
              "name" : "post",
              "specs" : [ {
                "status" : "info",
                "place" : {
                  "filePath" : "addVjezbatest.gspec",
                  "lineNumber" : 36
                },
                "name" : "above nova >= -1px",
                "meta" : [ {
                  "from" : {
                    "object" : "post",
                    "edge" : "bottom"
                  },
                  "to" : {
                    "object" : "nova",
                    "edge" : "top"
                  },
                  "expectedDistance" : ">= -1px",
                  "realDistance" : "40px"
                } ],
                "highlight" : [ "post", "nova" ]
              }, {
                "status" : "info",
                "place" : {
                  "filePath" : "addVjezbatest.gspec",
                  "lineNumber" : 37
                },
                "name" : "contains select1",
                "highlight" : [ "post", "select1" ]
              } ]
            }, {
              "name" : "nova",
              "specs" : [ {
                "status" : "info",
                "place" : {
                  "filePath" : "addVjezbatest.gspec",
                  "lineNumber" : 40
                },
                "name" : "contains select2",
                "highlight" : [ "nova", "select2" ]
              }, {
                "status" : "info",
                "place" : {
                  "filePath" : "addVjezbatest.gspec",
                  "lineNumber" : 41
                },
                "name" : "contains lista",
                "highlight" : [ "nova", "lista" ]
              }, {
                "status" : "info",
                "place" : {
                  "filePath" : "addVjezbatest.gspec",
                  "lineNumber" : 42
                },
                "name" : "contains checkbox",
                "highlight" : [ "nova", "checkbox" ]
              } ]
            } ]
          } ],
          "objects" : {
            "meni" : {
              "area" : [ 0, 84, 1270, 26 ]
            },
            "lista" : {
              "area" : [ 498, 693, 212, 58 ]
            },
            "select2" : {
              "area" : [ 498, 644, 216, 19 ]
            },
            "naslov" : {
              "area" : [ 911, 21, 344, 37 ]
            },
            "select1" : {
              "area" : [ 498, 257, 216, 19 ]
            },
            "post" : {
              "area" : [ 428, 130, 410, 292 ]
            },
            "footer" : {
              "area" : [ 0, 874, 1270, 28 ]
            },
            "glavni" : {
              "area" : [ 95, 110, 1080, 764 ]
            },
            "checkbox" : {
              "area" : [ 498, 815, 13, 13 ]
            },
            "header" : {
              "area" : [ 0, 0, 1270, 110 ]
            },
            "logo" : {
              "area" : [ 2, 2, 76, 77 ]
            },
            "nova" : {
              "area" : [ 428, 462, 410, 392 ]
            }
          },
          "screenshot" : "layout-1-screenshot.png",
          "type" : "layout"
        } ],
        "time" : 1541534900554,
        "type" : "node"
      } ],
      "time" : 1541534896301,
      "type" : "node"
    } ]
  }
}