{
  "testId" : "1-testaddgodina.gspec",
  "name" : "testAddGodina.gspec",
  "report" : {
    "nodes" : [ {
      "name" : "Simple check",
      "status" : "info",
      "nodes" : [ {
        "name" : "check  testAddGodina.gspec --url http://localhost/addGodina.html --size 1920x1080 --htmlreport addGodinaIzvjestaj",
        "status" : "info",
        "nodes" : [ {
          "name" : "Check layout: testAddGodina.gspec included tags: ",
          "status" : "info",
          "time" : 1541440283195,
          "sections" : [ {
            "name" : "Main section",
            "place" : {
              "filePath" : "testAddGodina.gspec",
              "lineNumber" : 10
            },
            "objects" : [ {
              "name" : "header",
              "specs" : [ {
                "status" : "info",
                "place" : {
                  "filePath" : "testAddGodina.gspec",
                  "lineNumber" : 12
                },
                "name" : "above glavniSadrzaj",
                "highlight" : [ "header", "glavniSadrzaj" ]
              }, {
                "status" : "info",
                "place" : {
                  "filePath" : "testAddGodina.gspec",
                  "lineNumber" : 13
                },
                "name" : "above side",
                "highlight" : [ "header", "side" ]
              } ]
            }, {
              "name" : "footer",
              "specs" : [ {
                "status" : "info",
                "place" : {
                  "filePath" : "testAddGodina.gspec",
                  "lineNumber" : 15
                },
                "name" : "below side",
                "highlight" : [ "footer", "side" ]
              }, {
                "status" : "info",
                "place" : {
                  "filePath" : "testAddGodina.gspec",
                  "lineNumber" : 16
                },
                "name" : "below glavniSadrzaj",
                "highlight" : [ "footer", "glavniSadrzaj" ]
              } ]
            }, {
              "name" : "meni",
              "specs" : [ {
                "status" : "info",
                "place" : {
                  "filePath" : "testAddGodina.gspec",
                  "lineNumber" : 18
                },
                "name" : "inside header",
                "highlight" : [ "meni", "header" ]
              } ]
            }, {
              "name" : "trenutnaStranica",
              "specs" : [ {
                "status" : "info",
                "place" : {
                  "filePath" : "testAddGodina.gspec",
                  "lineNumber" : 20
                },
                "name" : "inside header",
                "highlight" : [ "trenutnaStranica", "header" ]
              } ]
            }, {
              "name" : "logo",
              "specs" : [ {
                "status" : "info",
                "place" : {
                  "filePath" : "testAddGodina.gspec",
                  "lineNumber" : 22
                },
                "name" : "inside header",
                "highlight" : [ "logo", "header" ]
              } ]
            }, {
              "name" : "glavniSadrzaj",
              "specs" : [ {
                "status" : "info",
                "place" : {
                  "filePath" : "testAddGodina.gspec",
                  "lineNumber" : 24
                },
                "name" : "width 64% of screen/width",
                "highlight" : [ "glavniSadrzaj" ]
              } ]
            }, {
              "name" : "side",
              "specs" : [ {
                "status" : "info",
                "place" : {
                  "filePath" : "testAddGodina.gspec",
                  "lineNumber" : 26
                },
                "name" : "width 34% of screen/width",
                "highlight" : [ "side" ]
              } ]
            } ]
          } ],
          "objects" : {
            "meni" : {
              "area" : [ 0, 79, 1908, 119 ]
            },
            "glavniSadrzaj" : {
              "area" : [ 667, 199, 1240, 699 ]
            },
            "side" : {
              "area" : [ 0, 199, 667, 699 ]
            },
            "trenutnaStranica" : {
              "area" : [ 954, 0, 954, 79 ]
            },
            "footer" : {
              "area" : [ 0, 899, 1908, 99 ]
            },
            "header" : {
              "area" : [ 0, 0, 1908, 199 ]
            },
            "logo" : {
              "area" : [ 0, 0, 954, 79 ]
            }
          },
          "screenshot" : "layout-1-screenshot.png",
          "type" : "layout"
        } ],
        "time" : 1541440281828,
        "type" : "node"
      } ],
      "time" : 1541440276923,
      "type" : "node"
    } ]
  }
}