{
  "testId" : "1-addgodinatest.gspec",
  "name" : "addGodinatest.gspec",
  "report" : {
    "nodes" : [ {
      "name" : "Simple check",
      "status" : "info",
      "nodes" : [ {
        "name" : "check  addGodinatest.gspec --url http://127.0.0.1:5500/addGodina.html --size 1280x1024 --htmlreport addGodinatest",
        "status" : "info",
        "nodes" : [ {
          "name" : "Check layout: addGodinatest.gspec included tags: ",
          "status" : "info",
          "time" : 1541532924641,
          "sections" : [ {
            "name" : "main section",
            "place" : {
              "filePath" : "addGodinatest.gspec",
              "lineNumber" : 14
            },
            "objects" : [ {
              "name" : "header",
              "specs" : [ {
                "status" : "info",
                "place" : {
                  "filePath" : "addGodinatest.gspec",
                  "lineNumber" : 16
                },
                "name" : "above footer",
                "meta" : [ {
                  "from" : {
                    "object" : "header",
                    "edge" : "bottom"
                  },
                  "to" : {
                    "object" : "footer",
                    "edge" : "top"
                  },
                  "expectedDistance" : ">= 0px",
                  "realDistance" : "500px"
                } ],
                "highlight" : [ "header", "footer" ]
              }, {
                "status" : "info",
                "place" : {
                  "filePath" : "addGodinatest.gspec",
                  "lineNumber" : 17
                },
                "name" : "contains logo",
                "highlight" : [ "header", "logo" ]
              }, {
                "status" : "info",
                "place" : {
                  "filePath" : "addGodinatest.gspec",
                  "lineNumber" : 18
                },
                "name" : "contains naslov",
                "highlight" : [ "header", "naslov" ]
              }, {
                "status" : "info",
                "place" : {
                  "filePath" : "addGodinatest.gspec",
                  "lineNumber" : 19
                },
                "name" : "contains meni",
                "highlight" : [ "header", "meni" ]
              } ]
            }, {
              "name" : "meni",
              "specs" : [ {
                "status" : "info",
                "place" : {
                  "filePath" : "addGodinatest.gspec",
                  "lineNumber" : 29
                },
                "name" : "below naslov >= -1px",
                "meta" : [ {
                  "from" : {
                    "object" : "meni",
                    "edge" : "top"
                  },
                  "to" : {
                    "object" : "naslov",
                    "edge" : "bottom"
                  },
                  "expectedDistance" : ">= -1px",
                  "realDistance" : "26px"
                } ],
                "highlight" : [ "meni", "naslov" ]
              } ]
            }, {
              "name" : "side",
              "specs" : [ {
                "status" : "info",
                "place" : {
                  "filePath" : "addGodinatest.gspec",
                  "lineNumber" : 32
                },
                "name" : "left-of glavni >= -1px",
                "meta" : [ {
                  "from" : {
                    "object" : "side",
                    "edge" : "right"
                  },
                  "to" : {
                    "object" : "glavni",
                    "edge" : "left"
                  },
                  "expectedDistance" : ">= -1px",
                  "realDistance" : "-1px"
                } ],
                "highlight" : [ "side", "glavni" ]
              } ]
            }, {
              "name" : "godina",
              "specs" : [ {
                "status" : "info",
                "place" : {
                  "filePath" : "addGodinatest.gspec",
                  "lineNumber" : 35
                },
                "name" : "inside glavni",
                "meta" : [ ],
                "highlight" : [ "godina", "glavni" ]
              } ]
            }, {
              "name" : "ponisti",
              "specs" : [ {
                "status" : "info",
                "place" : {
                  "filePath" : "addGodinatest.gspec",
                  "lineNumber" : 38
                },
                "name" : "left-of unesi >= -1px",
                "meta" : [ {
                  "from" : {
                    "object" : "ponisti",
                    "edge" : "right"
                  },
                  "to" : {
                    "object" : "unesi",
                    "edge" : "left"
                  },
                  "expectedDistance" : ">= -1px",
                  "realDistance" : "62px"
                } ],
                "highlight" : [ "ponisti", "unesi" ]
              } ]
            } ]
          } ],
          "objects" : {
            "meni" : {
              "area" : [ 0, 84, 1270, 26 ]
            },
            "naslov" : {
              "area" : [ 1023, 21, 231, 37 ]
            },
            "side" : {
              "area" : [ 0, 110, 445, 500 ]
            },
            "footer" : {
              "area" : [ 0, 610, 1270, 28 ]
            },
            "unesi" : {
              "area" : [ 232, 413, 80, 19 ]
            },
            "glavni" : {
              "area" : [ 444, 110, 825, 500 ]
            },
            "header" : {
              "area" : [ 0, 0, 1270, 110 ]
            },
            "logo" : {
              "area" : [ 2, 2, 76, 77 ]
            },
            "ponisti" : {
              "area" : [ 90, 413, 80, 19 ]
            },
            "godina" : {
              "area" : [ 464, 130, 210, 210 ]
            }
          },
          "screenshot" : "layout-1-screenshot.png",
          "type" : "layout"
        } ],
        "time" : 1541532923098,
        "type" : "node"
      } ],
      "time" : 1541532919097,
      "type" : "node"
    } ]
  }
}