{
  "testId" : "1-testlogin.gspec",
  "name" : "testLogin.gspec",
  "report" : {
    "nodes" : [ {
      "name" : "Simple check",
      "status" : "info",
      "nodes" : [ {
        "name" : "check  testLogin.gspec --url http://localhost/login.html --size 1920x1080 --htmlreport loginIzvjestaj",
        "status" : "info",
        "nodes" : [ {
          "name" : "Check layout: testLogin.gspec included tags: ",
          "status" : "info",
          "time" : 1541427317590,
          "sections" : [ {
            "name" : "Main section",
            "place" : {
              "filePath" : "testLogin.gspec",
              "lineNumber" : 4
            },
            "objects" : [ {
              "name" : "login",
              "specs" : [ {
                "status" : "info",
                "place" : {
                  "filePath" : "testLogin.gspec",
                  "lineNumber" : 6
                },
                "name" : "centered horizontally inside screen",
                "highlight" : [ "login", "screen" ]
              }, {
                "status" : "info",
                "place" : {
                  "filePath" : "testLogin.gspec",
                  "lineNumber" : 7
                },
                "name" : "centered vertically inside screen",
                "highlight" : [ "login", "screen" ]
              } ]
            } ]
          } ],
          "objects" : {
            "screen" : {
              "area" : [ 0, 0, 1604, 788 ]
            },
            "login" : {
              "area" : [ 652, 294, 300, 200 ]
            }
          },
          "screenshot" : "layout-1-screenshot.png",
          "type" : "layout"
        } ],
        "time" : 1541427316066,
        "type" : "node"
      } ],
      "time" : 1541427310094,
      "type" : "node"
    } ]
  }
}