{
  "testId" : "1-testzaaddgodina.gspec",
  "name" : "testZaAddGodina.gspec",
  "report" : {
    "nodes" : [ {
      "name" : "Simple check",
      "status" : "info",
      "nodes" : [ {
        "name" : "check  testZaAddGodina.gspec --url http://localhost/addGodina.html --size 1024x768 --htmlreport izvjestajZaAddGodina",
        "status" : "info",
        "nodes" : [ {
          "name" : "Check layout: testZaAddGodina.gspec included tags: ",
          "status" : "info",
          "time" : 1541455321319,
          "sections" : [ {
            "name" : "Header section",
            "place" : {
              "filePath" : "testZaAddGodina.gspec",
              "lineNumber" : 13
            },
            "objects" : [ {
              "name" : "header",
              "specs" : [ {
                "status" : "info",
                "place" : {
                  "filePath" : "testZaAddGodina.gspec",
                  "lineNumber" : 15
                },
                "name" : "width ~100% of screen/width",
                "highlight" : [ "header" ]
              }, {
                "status" : "info",
                "place" : {
                  "filePath" : "testZaAddGodina.gspec",
                  "lineNumber" : 16
                },
                "name" : "contains logo",
                "highlight" : [ "header", "logo" ]
              }, {
                "status" : "info",
                "place" : {
                  "filePath" : "testZaAddGodina.gspec",
                  "lineNumber" : 17
                },
                "name" : "contains meni",
                "highlight" : [ "header", "meni" ]
              } ]
            } ]
          }, {
            "name" : "Main section",
            "place" : {
              "filePath" : "testZaAddGodina.gspec",
              "lineNumber" : 18
            },
            "objects" : [ {
              "name" : "side",
              "specs" : [ {
                "status" : "info",
                "place" : {
                  "filePath" : "testZaAddGodina.gspec",
                  "lineNumber" : 20
                },
                "name" : "width ~35% of screen/width",
                "highlight" : [ "side" ]
              }, {
                "status" : "info",
                "place" : {
                  "filePath" : "testZaAddGodina.gspec",
                  "lineNumber" : 21
                },
                "name" : "contains naziv",
                "highlight" : [ "side", "naziv" ]
              }, {
                "status" : "info",
                "place" : {
                  "filePath" : "testZaAddGodina.gspec",
                  "lineNumber" : 22
                },
                "name" : "contains rvjezbe",
                "highlight" : [ "side", "rvjezbe" ]
              }, {
                "status" : "info",
                "place" : {
                  "filePath" : "testZaAddGodina.gspec",
                  "lineNumber" : 23
                },
                "name" : "contains rspiral",
                "highlight" : [ "side", "rspiral" ]
              } ]
            }, {
              "name" : "glavniSadrzaj",
              "specs" : [ {
                "status" : "info",
                "place" : {
                  "filePath" : "testZaAddGodina.gspec",
                  "lineNumber" : 25
                },
                "name" : "width ~65% of screen/width",
                "highlight" : [ "glavniSadrzaj" ]
              }, {
                "status" : "info",
                "place" : {
                  "filePath" : "testZaAddGodina.gspec",
                  "lineNumber" : 27
                },
                "name" : "contains godina-1",
                "highlight" : [ "glavniSadrzaj", "godina-1" ]
              }, {
                "status" : "info",
                "place" : {
                  "filePath" : "testZaAddGodina.gspec",
                  "lineNumber" : 27
                },
                "name" : "contains godina-2",
                "highlight" : [ "glavniSadrzaj", "godina-2" ]
              }, {
                "status" : "info",
                "place" : {
                  "filePath" : "testZaAddGodina.gspec",
                  "lineNumber" : 27
                },
                "name" : "contains godina-3",
                "highlight" : [ "glavniSadrzaj", "godina-3" ]
              }, {
                "status" : "info",
                "place" : {
                  "filePath" : "testZaAddGodina.gspec",
                  "lineNumber" : 27
                },
                "name" : "contains godina-4",
                "highlight" : [ "glavniSadrzaj", "godina-4" ]
              } ]
            } ]
          } ],
          "objects" : {
            "meni" : {
              "area" : [ 0, 58, 1012, 21 ]
            },
            "side" : {
              "area" : [ 0, 90, 354, 480 ]
            },
            "glavniSadrzaj" : {
              "area" : [ 354, 90, 657, 480 ]
            },
            "naziv" : {
              "area" : [ 35, 197, 282, 20 ]
            },
            "godina-1" : {
              "area" : [ 366, 102, 140, 180 ]
            },
            "header" : {
              "area" : [ 0, 0, 1012, 90 ]
            },
            "logo" : {
              "area" : [ 10, 6, 53, 40 ]
            },
            "rvjezbe" : {
              "area" : [ 35, 252, 282, 20 ]
            },
            "godina-2" : {
              "area" : [ 530, 102, 140, 180 ]
            },
            "godina-3" : {
              "area" : [ 694, 102, 140, 180 ]
            },
            "godina-4" : {
              "area" : [ 858, 102, 140, 180 ]
            },
            "rspiral" : {
              "area" : [ 35, 197, 282, 20 ]
            }
          },
          "screenshot" : "layout-1-screenshot.png",
          "type" : "layout"
        } ],
        "time" : 1541455319524,
        "type" : "node"
      } ],
      "time" : 1541455313244,
      "type" : "node"
    } ]
  }
}