{
  "testId" : "1-commiti.gspec",
  "name" : "commiti.gspec",
  "report" : {
    "nodes" : [ {
      "name" : "Simple check",
      "status" : "info",
      "nodes" : [ {
        "name" : "check  commiti.gspec --url http://localhost/commiti.html --size 1366x768 --htmlreport commitiIzvjestaj",
        "status" : "info",
        "nodes" : [ {
          "name" : "Check layout: commiti.gspec included tags: ",
          "status" : "info",
          "time" : 1541533124277,
          "sections" : [ {
            "name" : "Header section",
            "place" : {
              "filePath" : "commiti.gspec",
              "lineNumber" : 9
            },
            "objects" : [ {
              "name" : "header1",
              "specs" : [ {
                "status" : "info",
                "place" : {
                  "filePath" : "commiti.gspec",
                  "lineNumber" : 11
                },
                "name" : "above glavniSadrzaj 0px",
                "highlight" : [ "header1", "glavniSadrzaj" ]
              } ]
            }, {
              "name" : "logo1",
              "specs" : [ {
                "status" : "info",
                "place" : {
                  "filePath" : "commiti.gspec",
                  "lineNumber" : 15
                },
                "name" : "inside header1  13px top, 11px left",
                "highlight" : [ "logo1", "header1" ]
              } ]
            }, {
              "name" : "meni1",
              "specs" : [ {
                "status" : "info",
                "place" : {
                  "filePath" : "commiti.gspec",
                  "lineNumber" : 19
                },
                "name" : "inside header1",
                "highlight" : [ "meni1", "header1" ]
              }, {
                "status" : "info",
                "place" : {
                  "filePath" : "commiti.gspec",
                  "lineNumber" : 20
                },
                "name" : "below logo1",
                "highlight" : [ "meni1", "logo1" ]
              } ]
            } ]
          }, {
            "name" : "Footer section",
            "place" : {
              "filePath" : "commiti.gspec",
              "lineNumber" : 31
            },
            "objects" : [ {
              "name" : "footer1",
              "specs" : [ {
                "status" : "info",
                "place" : {
                  "filePath" : "commiti.gspec",
                  "lineNumber" : 33
                },
                "name" : "below glavniSadrzaj 0px",
                "highlight" : [ "footer1", "glavniSadrzaj" ]
              } ]
            } ]
          }, {
            "name" : "Main section",
            "place" : {
              "filePath" : "commiti.gspec",
              "lineNumber" : 37
            },
            "objects" : [ {
              "name" : "glavniSadrzaj",
              "specs" : [ {
                "status" : "info",
                "place" : {
                  "filePath" : "commiti.gspec",
                  "lineNumber" : 39
                },
                "name" : "below header1",
                "highlight" : [ "glavniSadrzaj", "header1" ]
              }, {
                "status" : "info",
                "place" : {
                  "filePath" : "commiti.gspec",
                  "lineNumber" : 40
                },
                "name" : "above footer1",
                "highlight" : [ "glavniSadrzaj", "footer1" ]
              } ]
            } ]
          } ],
          "objects" : {
            "meni1" : {
              "area" : [ 11, 68, 1332, 18 ]
            },
            "footer1" : {
              "area" : [ 0, 621, 1354, 61 ]
            },
            "glavniSadrzaj" : {
              "area" : [ 0, 99, 1354, 522 ]
            },
            "header1" : {
              "area" : [ 0, 0, 1354, 99 ]
            },
            "logo1" : {
              "area" : [ 11, 13, 1332, 55 ]
            }
          },
          "screenshot" : "layout-1-screenshot.png",
          "type" : "layout"
        } ],
        "time" : 1541533121306,
        "type" : "node"
      } ],
      "time" : 1541533067999,
      "type" : "node"
    } ]
  }
}